--
-- Script was generated by Devart dbForge Data Generator for SQL Server, Version 4.2.76.0
-- Product Home Page: http://www.devart.com/dbforge/sql/data-generator/
-- Script date 11/18/2020 12:59:55 AM
-- Target server version: 15.00.2000
-- Target connection string: Connection Timeout=30;Data Source=DESKTOP-LLHQVU9;Encrypt=False;MultipleActiveResultSets=False;Integrated Security=True;Packet Size=4096;TrustServerCertificate=False;User ID=DESKTOP-LLHQVU9\RaduVF
--



SET LANGUAGE 'English'
SET DATEFORMAT ymd
SET ARITHABORT, ANSI_PADDING, ANSI_WARNINGS, CONCAT_NULL_YIELDS_NULL, QUOTED_IDENTIFIER, ANSI_NULLS, NOCOUNT ON
SET NUMERIC_ROUNDABORT, IMPLICIT_TRANSACTIONS, XACT_ABORT OFF
GO

--
-- Backing up database L1
--
--
-- Create backup folder
--
IF OBJECT_ID('xp_create_subdir') IS NOT NULL
  EXEC xp_create_subdir N'C:\Program Files\Microsoft SQL Server\MSSQL15.MSSQLSERVER\MSSQL\Backup'
--
-- Backup database to the file with the name: <database_name>_<yyyy>_<mm>_<dd>_<hh>_<mi>.bak
--
DECLARE @db_name SYSNAME
SET @db_name = N'L1'

DECLARE @filepath NVARCHAR(4000)
SET @filepath =
/*define base part*/ N'C:\Program Files\Microsoft SQL Server\MSSQL15.MSSQLSERVER\MSSQL\Backup\' + @db_name + '_' +
/*append date*/ REPLACE(CONVERT(NVARCHAR(10), GETDATE(), 102), '.', '_') + '_' +
/*append time*/ REPLACE(CONVERT(NVARCHAR(5), GETDATE(), 108), ':', '_') + '.bak'

DECLARE @SQL NVARCHAR(MAX)
SET @SQL = 
    N'BACKUP DATABASE ' + QUOTENAME(@db_name) + ' TO DISK = @filepath WITH INIT' + 
      CASE WHEN EXISTS(
                SELECT value
                FROM sys.configurations
                WHERE name = 'backup compression default'
          )
        THEN ', COMPRESSION'
        ELSE ''
      END

EXEC sys.sp_executesql @SQL, N'@filepath NVARCHAR(4000)', @filepath = @filepath
GO

USE L1
GO

IF DB_NAME() <> N'L1' SET NOEXEC ON
GO
--
-- Delete data from the table 'dbo.SHOP_OFFER'
--
TRUNCATE TABLE dbo.SHOP_OFFER
GO
--
-- Delete data from the table 'dbo.RECEIPT_ROWS'
--
TRUNCATE TABLE dbo.RECEIPT_ROWS
GO
--
-- Delete data from the table 'dbo.RECEIPT'
--
DELETE dbo.RECEIPT
GO
--
-- Delete data from the table 'dbo.CLIENT'
--
DELETE dbo.CLIENT
GO
--
-- Delete data from the table 'dbo.FIDELITY_CARD'
--
DELETE dbo.FIDELITY_CARD
GO
--
-- Delete data from the table 'dbo.EMPLOYEE'
--
DELETE dbo.EMPLOYEE
GO
--
-- Delete data from the table 'dbo.SHOP'
--
DELETE dbo.SHOP
GO
--
-- Delete data from the table 'dbo.PRODUCT_OFFERS'
--
DELETE dbo.PRODUCT_OFFERS
GO
--
-- Delete data from the table 'dbo.LOCAL_MANAGER'
--
DELETE dbo.LOCAL_MANAGER
GO
--
-- Delete data from the table 'dbo.PRODUCT'
--
DELETE dbo.PRODUCT
GO
--
-- Delete data from the table 'dbo.GENERAL_MANAGER'
--
DELETE dbo.GENERAL_MANAGER
GO
--
-- Delete data from the table 'dbo.CITY'
--
DELETE dbo.CITY
GO

--
-- Inserting data into table dbo.CITY
--
SET IDENTITY_INSERT dbo.CITY ON
GO
INSERT dbo.CITY(ID, NAME) VALUES (1, N'Boca Raton')
INSERT dbo.CITY(ID, NAME) VALUES (2, N'University Place')
INSERT dbo.CITY(ID, NAME) VALUES (3, N'North Royalton')
INSERT dbo.CITY(ID, NAME) VALUES (4, N'Atlantic')
INSERT dbo.CITY(ID, NAME) VALUES (5, N'Marquette')
INSERT dbo.CITY(ID, NAME) VALUES (6, N'Rochester')
INSERT dbo.CITY(ID, NAME) VALUES (7, N'Lindsay')
INSERT dbo.CITY(ID, NAME) VALUES (8, N'Montgomery')
INSERT dbo.CITY(ID, NAME) VALUES (9, N'Allen Park')
INSERT dbo.CITY(ID, NAME) VALUES (10, N'Monroe')
INSERT dbo.CITY(ID, NAME) VALUES (11, N'Surfside')
INSERT dbo.CITY(ID, NAME) VALUES (12, N'Aberdeen')
INSERT dbo.CITY(ID, NAME) VALUES (13, N'Rio Rancho')
INSERT dbo.CITY(ID, NAME) VALUES (14, N'Redwood Falls')
INSERT dbo.CITY(ID, NAME) VALUES (15, N'Syracuse')
INSERT dbo.CITY(ID, NAME) VALUES (16, N'Melbourne')
INSERT dbo.CITY(ID, NAME) VALUES (17, N'Anaconda')
INSERT dbo.CITY(ID, NAME) VALUES (18, N'Castle Shannon')
INSERT dbo.CITY(ID, NAME) VALUES (19, N'Saraland')
INSERT dbo.CITY(ID, NAME) VALUES (20, N'Eagar')
INSERT dbo.CITY(ID, NAME) VALUES (21, N'Portola Valley')
INSERT dbo.CITY(ID, NAME) VALUES (22, N'Clayton')
INSERT dbo.CITY(ID, NAME) VALUES (23, N'Murphysboro')
INSERT dbo.CITY(ID, NAME) VALUES (24, N'Elko')
INSERT dbo.CITY(ID, NAME) VALUES (25, N'Augusta')
INSERT dbo.CITY(ID, NAME) VALUES (26, N'Negaunee')
INSERT dbo.CITY(ID, NAME) VALUES (27, N'Ceva')
INSERT dbo.CITY(ID, NAME) VALUES (28, N'Blakely')
INSERT dbo.CITY(ID, NAME) VALUES (29, N'Dahlonega')
INSERT dbo.CITY(ID, NAME) VALUES (30, N'Albany')
INSERT dbo.CITY(ID, NAME) VALUES (31, N'Pigeon Forge')
INSERT dbo.CITY(ID, NAME) VALUES (32, N'Talladega')
INSERT dbo.CITY(ID, NAME) VALUES (33, N'Redding')
INSERT dbo.CITY(ID, NAME) VALUES (34, N'Maple Heights')
INSERT dbo.CITY(ID, NAME) VALUES (35, N'Chanhassen')
INSERT dbo.CITY(ID, NAME) VALUES (36, N'Columbia Falls')
INSERT dbo.CITY(ID, NAME) VALUES (37, N'Columbia')
INSERT dbo.CITY(ID, NAME) VALUES (38, N'Strongsville')
INSERT dbo.CITY(ID, NAME) VALUES (39, N'Beaver')
INSERT dbo.CITY(ID, NAME) VALUES (40, N'South Holland')
INSERT dbo.CITY(ID, NAME) VALUES (41, N'Toate')
INSERT dbo.CITY(ID, NAME) VALUES (42, N'Doraville')
INSERT dbo.CITY(ID, NAME) VALUES (43, N'Malden')
INSERT dbo.CITY(ID, NAME) VALUES (44, N'Santa Fe')
INSERT dbo.CITY(ID, NAME) VALUES (45, N'Fairlawn')
INSERT dbo.CITY(ID, NAME) VALUES (46, N'Pismo Beach')
INSERT dbo.CITY(ID, NAME) VALUES (47, N'Abbeville')
INSERT dbo.CITY(ID, NAME) VALUES (48, N'Michigan City')
INSERT dbo.CITY(ID, NAME) VALUES (49, N'Wapato')
INSERT dbo.CITY(ID, NAME) VALUES (50, N'Ogdensburg')
GO
SET IDENTITY_INSERT dbo.CITY OFF
GO

--
-- Inserting data into table dbo.GENERAL_MANAGER
--
SET IDENTITY_INSERT dbo.GENERAL_MANAGER ON
GO
INSERT dbo.GENERAL_MANAGER(ID, NAME, ROLE, CONTACT) VALUES (1, N'Yadira Villanueva', N'Marketing', N'+44 4037 90 3024')
INSERT dbo.GENERAL_MANAGER(ID, NAME, ROLE, CONTACT) VALUES (2, N'Britta Ayres', N'Sales', N'+49 (1614) 454399')
INSERT dbo.GENERAL_MANAGER(ID, NAME, ROLE, CONTACT) VALUES (3, N'Bernard Creighton', N'Information Technology', N'+971 7 182 5846')
INSERT dbo.GENERAL_MANAGER(ID, NAME, ROLE, CONTACT) VALUES (4, N'Merle Reiter', N'Facilities', N'+49-2796-397801')
INSERT dbo.GENERAL_MANAGER(ID, NAME, ROLE, CONTACT) VALUES (5, N'Wilfredo Southern', N'Information Technology', N'+52 06 5092 7148')
INSERT dbo.GENERAL_MANAGER(ID, NAME, ROLE, CONTACT) VALUES (6, N'April Fife', N'Research and Development', N'+44 109 896 2155')
INSERT dbo.GENERAL_MANAGER(ID, NAME, ROLE, CONTACT) VALUES (7, N'Vivienne Goodson', N'Executive', N'+49 8200 663130')
INSERT dbo.GENERAL_MANAGER(ID, NAME, ROLE, CONTACT) VALUES (8, N'Dorian Conaway', N'Executive', N'+49 1933 236977')
INSERT dbo.GENERAL_MANAGER(ID, NAME, ROLE, CONTACT) VALUES (9, N'Leonila Malone', N'Sales', N'+420 242 712 123')
INSERT dbo.GENERAL_MANAGER(ID, NAME, ROLE, CONTACT) VALUES (10, N'Ali Darling', N'Research and Development', N'+52 44 8852 9949')
INSERT dbo.GENERAL_MANAGER(ID, NAME, ROLE, CONTACT) VALUES (11, N'Francis Shannon', N'Executive', N'+55 37 5026-0260')
INSERT dbo.GENERAL_MANAGER(ID, NAME, ROLE, CONTACT) VALUES (12, N'Moises Adame', N'Executive', N'+1 087-461-9423')
INSERT dbo.GENERAL_MANAGER(ID, NAME, ROLE, CONTACT) VALUES (13, N'Aubrey Boyce', N'Customer Support', N'+33 6 66 49 55 82')
INSERT dbo.GENERAL_MANAGER(ID, NAME, ROLE, CONTACT) VALUES (14, N'Erasmo Abel', N'Information Technology', N'+380 60 610-649-1')
INSERT dbo.GENERAL_MANAGER(ID, NAME, ROLE, CONTACT) VALUES (15, N'Tamika Wampler', N'Operations', N'+49-9326-964406')
INSERT dbo.GENERAL_MANAGER(ID, NAME, ROLE, CONTACT) VALUES (16, N'Geoffrey Hammonds', N'Facilities', N'+49 0239 304236')
INSERT dbo.GENERAL_MANAGER(ID, NAME, ROLE, CONTACT) VALUES (17, N'Garth Vasquez', N'Customer Support', N'+44 0780 626347')
INSERT dbo.GENERAL_MANAGER(ID, NAME, ROLE, CONTACT) VALUES (18, N'Loree Wooden', N'Consulting', N'+55 29 5554-3933')
INSERT dbo.GENERAL_MANAGER(ID, NAME, ROLE, CONTACT) VALUES (19, N'Sherly Prewitt', N'Executive', N'+49 (3064) 098648')
INSERT dbo.GENERAL_MANAGER(ID, NAME, ROLE, CONTACT) VALUES (20, N'Ward King', N'Sales', N'+44 7575 00 9722')
INSERT dbo.GENERAL_MANAGER(ID, NAME, ROLE, CONTACT) VALUES (21, N'Stanley Merritt', N'Executive', N'+32 7 388 92 27')
INSERT dbo.GENERAL_MANAGER(ID, NAME, ROLE, CONTACT) VALUES (22, N'Nelia Garmon', N'Information Technology', N'+49 2730 038816')
INSERT dbo.GENERAL_MANAGER(ID, NAME, ROLE, CONTACT) VALUES (23, N'Neville Armenta', N'Operations', N'+49-2255-864380')
INSERT dbo.GENERAL_MANAGER(ID, NAME, ROLE, CONTACT) VALUES (24, N'Laurence Cottrell', N'Customer Support', N'+33 6 90 69 55 89')
INSERT dbo.GENERAL_MANAGER(ID, NAME, ROLE, CONTACT) VALUES (25, N'Gale Echevarria', N'Customer Support', N'+49 2267 674591')
INSERT dbo.GENERAL_MANAGER(ID, NAME, ROLE, CONTACT) VALUES (26, N'Keva Linkous', N'Executive', N'+32 2 760 47 72')
INSERT dbo.GENERAL_MANAGER(ID, NAME, ROLE, CONTACT) VALUES (27, N'Hong Woods', N'Information Technology', N'+44 7479 588900')
INSERT dbo.GENERAL_MANAGER(ID, NAME, ROLE, CONTACT) VALUES (28, N'Floyd Simon', N'Information Technology', N'+971 1 341 6404')
INSERT dbo.GENERAL_MANAGER(ID, NAME, ROLE, CONTACT) VALUES (29, N'Fredia Ames', N'Sales', N'+52 38 3776 4896')
INSERT dbo.GENERAL_MANAGER(ID, NAME, ROLE, CONTACT) VALUES (30, N'Clayton Almeida', N'Marketing', N'+52 69 0774 0446')
INSERT dbo.GENERAL_MANAGER(ID, NAME, ROLE, CONTACT) VALUES (31, N'Erick Angulo', N'Executive', N'+44 3254 02 0461')
INSERT dbo.GENERAL_MANAGER(ID, NAME, ROLE, CONTACT) VALUES (32, N'Oren Beltran', N'Executive', N'+33 0 32 83 61 49')
INSERT dbo.GENERAL_MANAGER(ID, NAME, ROLE, CONTACT) VALUES (33, N'Adolfo Christenson', N'Executive', N'+1 899-843-8531')
INSERT dbo.GENERAL_MANAGER(ID, NAME, ROLE, CONTACT) VALUES (34, N'Raina French', N'Sales', N'+49-6136-495058')
INSERT dbo.GENERAL_MANAGER(ID, NAME, ROLE, CONTACT) VALUES (35, N'Abraham Cheney', N'Customer Support', N'+49-0026-365049')
INSERT dbo.GENERAL_MANAGER(ID, NAME, ROLE, CONTACT) VALUES (36, N'Doreen Luna', N'Customer Support', N'+49-4937-225100')
INSERT dbo.GENERAL_MANAGER(ID, NAME, ROLE, CONTACT) VALUES (37, N'Joana Abbott', N'Research and Development', N'+44 321 034 2525')
INSERT dbo.GENERAL_MANAGER(ID, NAME, ROLE, CONTACT) VALUES (38, N'Cassondra Barlow', N'Sales', N'+49-3473-044615')
INSERT dbo.GENERAL_MANAGER(ID, NAME, ROLE, CONTACT) VALUES (39, N'Bruna Morales', N'Executive', N'+420 513 924 468')
INSERT dbo.GENERAL_MANAGER(ID, NAME, ROLE, CONTACT) VALUES (40, N'Tomas Keyes', N'Executive', N'+52 96 2185 8911')
INSERT dbo.GENERAL_MANAGER(ID, NAME, ROLE, CONTACT) VALUES (41, N'Adan Walter', N'Information Technology', N'+49 (1222) 306044')
INSERT dbo.GENERAL_MANAGER(ID, NAME, ROLE, CONTACT) VALUES (42, N'Jude Conley', N'Facilities', N'+32 6 044 21 57')
INSERT dbo.GENERAL_MANAGER(ID, NAME, ROLE, CONTACT) VALUES (43, N'Fransisca Abraham', N'Sales', N'+49 (5130) 600095')
INSERT dbo.GENERAL_MANAGER(ID, NAME, ROLE, CONTACT) VALUES (44, N'Geraldo Camacho', N'Human Resources', N'+44 1115 228044')
INSERT dbo.GENERAL_MANAGER(ID, NAME, ROLE, CONTACT) VALUES (45, N'Alda Ames', N'Executive', N'+44 6765 924920')
INSERT dbo.GENERAL_MANAGER(ID, NAME, ROLE, CONTACT) VALUES (46, N'Lucius Harlan', N'Facilities', N'+44 2439 09 8807')
INSERT dbo.GENERAL_MANAGER(ID, NAME, ROLE, CONTACT) VALUES (47, N'Zelda Alvarez', N'Executive', N'+55 46 5691-1812')
INSERT dbo.GENERAL_MANAGER(ID, NAME, ROLE, CONTACT) VALUES (48, N'Kerry Kitchens', N'Marketing', N'+49-9093-495038')
INSERT dbo.GENERAL_MANAGER(ID, NAME, ROLE, CONTACT) VALUES (49, N'Lisette Roberts', N'Sales', N'+33 5 12 41 12 87')
INSERT dbo.GENERAL_MANAGER(ID, NAME, ROLE, CONTACT) VALUES (50, N'Russel Ritchey', N'Information Technology', N'+52 20 3395 5758')
GO
SET IDENTITY_INSERT dbo.GENERAL_MANAGER OFF
GO

--
-- Inserting data into table dbo.PRODUCT
--
SET IDENTITY_INSERT dbo.PRODUCT ON
GO
INSERT dbo.PRODUCT(ID, NAME, PRODUCER, PRICE) VALUES (1, N'Speaklifiedor', N'Australian High-Technologies Inc.', 1)
INSERT dbo.PRODUCT(ID, NAME, PRODUCER, PRICE) VALUES (2, N'Monomuter', N'International Telecom Group', 84)
INSERT dbo.PRODUCT(ID, NAME, PRODUCER, PRICE) VALUES (3, N'Stereotellewator', N'Western High-Technologies Co.', 497)
INSERT dbo.PRODUCT(ID, NAME, PRODUCER, PRICE) VALUES (4, N'Moncorder', N'Australian Software Inc.', 115)
INSERT dbo.PRODUCT(ID, NAME, PRODUCER, PRICE) VALUES (5, N'Cleanplottor', N'Home High-Technologies Corporation', 48)
INSERT dbo.PRODUCT(ID, NAME, PRODUCER, PRICE) VALUES (6, N'Printfindscope', N'Special High-Technologies Corp.', 165)
INSERT dbo.PRODUCT(ID, NAME, PRODUCER, PRICE) VALUES (7, N'Cabtopor', N'Creative Thermal Resources Group', 158)
INSERT dbo.PRODUCT(ID, NAME, PRODUCER, PRICE) VALUES (8, N'Charcullet', NULL, 396)
INSERT dbo.PRODUCT(ID, NAME, PRODUCER, PRICE) VALUES (9, N'Supholdupator', N'Australian Space Research Corp.', 283)
INSERT dbo.PRODUCT(ID, NAME, PRODUCER, PRICE) VALUES (10, N'Speakmutadscope', N'North Telemetrics Group', 165)
INSERT dbo.PRODUCT(ID, NAME, PRODUCER, PRICE) VALUES (11, N'Rewoofaquer', N'Creative V-Mobile Corp.', 463)
INSERT dbo.PRODUCT(ID, NAME, PRODUCER, PRICE) VALUES (12, N'Tecordar', N'Pacific Solar Power Group', 368)
INSERT dbo.PRODUCT(ID, NAME, PRODUCER, PRICE) VALUES (13, N'Tweetcordonator', N'First K-Mobile Corporation', 398)
INSERT dbo.PRODUCT(ID, NAME, PRODUCER, PRICE) VALUES (14, N'Retinator', N'Federal Protection Group', 146)
INSERT dbo.PRODUCT(ID, NAME, PRODUCER, PRICE) VALUES (15, N'Subceivlet', N'City X-Mobile Inc.', 493)
INSERT dbo.PRODUCT(ID, NAME, PRODUCER, PRICE) VALUES (16, N'Comcordon', N'National Mobile Corporation', 197)
INSERT dbo.PRODUCT(ID, NAME, PRODUCER, PRICE) VALUES (17, N'Tabmutentor', N'City High-Technologies Corp.', 174)
INSERT dbo.PRODUCT(ID, NAME, PRODUCER, PRICE) VALUES (18, N'Tabtellaquentor', N'United Wave Energy Co.', 264)
INSERT dbo.PRODUCT(ID, NAME, PRODUCER, PRICE) VALUES (19, N'Antaer', N'East Y-Mobile Group', 431)
INSERT dbo.PRODUCT(ID, NAME, PRODUCER, PRICE) VALUES (20, N'Chartinpler', N'American High-Technologies Group', 195)
INSERT dbo.PRODUCT(ID, NAME, PRODUCER, PRICE) VALUES (21, N'Monocular', N'First Business Group', 473)
INSERT dbo.PRODUCT(ID, NAME, PRODUCER, PRICE) VALUES (22, N'Supcesserator', N'West Coast Space Explore Group', 277)
INSERT dbo.PRODUCT(ID, NAME, PRODUCER, PRICE) VALUES (23, N'Bitecter', N'International Travel Inc.', 306)
INSERT dbo.PRODUCT(ID, NAME, PRODUCER, PRICE) VALUES (24, N'Tabfindupra', N'Domestic Space Research Inc.', 326)
INSERT dbo.PRODUCT(ID, NAME, PRODUCER, PRICE) VALUES (25, N'Conculicentor', N'Smart High-Technologies Inc.', 17)
INSERT dbo.PRODUCT(ID, NAME, PRODUCER, PRICE) VALUES (26, N'Transcordleter', N'Union High-Technologies Inc.', 71)
INSERT dbo.PRODUCT(ID, NAME, PRODUCER, PRICE) VALUES (27, N'Cleancesser', N'Flexible Products Group', 409)
INSERT dbo.PRODUCT(ID, NAME, PRODUCER, PRICE) VALUES (28, N'Ampplottexar', N'Australian Computers Group', 171)
INSERT dbo.PRODUCT(ID, NAME, PRODUCER, PRICE) VALUES (29, N'Monotinon', N'Future W-Mobile Group', 46)
INSERT dbo.PRODUCT(ID, NAME, PRODUCER, PRICE) VALUES (30, N'Submutra', N'Union High-Technologies Inc.', 187)
INSERT dbo.PRODUCT(ID, NAME, PRODUCER, PRICE) VALUES (31, N'Cartwoofplra', N'General Research Corporation', 251)
INSERT dbo.PRODUCT(ID, NAME, PRODUCER, PRICE) VALUES (32, N'Conceivewer', N'Canadian High-Technologies Co.', 229)
INSERT dbo.PRODUCT(ID, NAME, PRODUCER, PRICE) VALUES (33, N'Probandgaer', N'Special High-Technologies Co.', 7)
INSERT dbo.PRODUCT(ID, NAME, PRODUCER, PRICE) VALUES (34, N'Mictiner', N'United Computers Corporation', 362)
INSERT dbo.PRODUCT(ID, NAME, PRODUCER, PRICE) VALUES (35, N'Tabtopridge', N'Domestic Automotive Corporation', 432)
INSERT dbo.PRODUCT(ID, NAME, PRODUCER, PRICE) VALUES (36, N'Stereolicter', N'City P-Mobile Corporation', 420)
INSERT dbo.PRODUCT(ID, NAME, PRODUCER, PRICE) VALUES (37, N'Ampbandor', N'United Systems Corp.', 224)
INSERT dbo.PRODUCT(ID, NAME, PRODUCER, PRICE) VALUES (38, N'Moncyclommer', N'United Petroleum Corp.', 9)
INSERT dbo.PRODUCT(ID, NAME, PRODUCER, PRICE) VALUES (39, N'Comnier', N'Western E-Mobile Corp.', 408)
INSERT dbo.PRODUCT(ID, NAME, PRODUCER, PRICE) VALUES (40, N'Printcycler', N'Home Technologies Inc.', 481)
INSERT dbo.PRODUCT(ID, NAME, PRODUCER, PRICE) VALUES (41, N'Bibandadscope', N'North High-Technologies Co.', 48)
INSERT dbo.PRODUCT(ID, NAME, PRODUCER, PRICE) VALUES (42, N'Readfinderor', N'Global W-Mobile Corp.', 2)
INSERT dbo.PRODUCT(ID, NAME, PRODUCER, PRICE) VALUES (43, N'Renier', N'National Petroleum Corporation', 74)
INSERT dbo.PRODUCT(ID, NAME, PRODUCER, PRICE) VALUES (44, N'Cabculewscope', N'Union U-Mobile Inc.', 14)
INSERT dbo.PRODUCT(ID, NAME, PRODUCER, PRICE) VALUES (45, N'Printputentor', N'City Consulting Co.', 395)
INSERT dbo.PRODUCT(ID, NAME, PRODUCER, PRICE) VALUES (46, N'Cabceiventor', N'First Space Explore Group', 442)
INSERT dbo.PRODUCT(ID, NAME, PRODUCER, PRICE) VALUES (47, N'Cleancesser', N'Flexible Telecom Corp.', 1)
INSERT dbo.PRODUCT(ID, NAME, PRODUCER, PRICE) VALUES (48, N'Moncessridge', N'North High-Technologies Group', 61)
INSERT dbo.PRODUCT(ID, NAME, PRODUCER, PRICE) VALUES (49, N'Cleanjectupentor', N'Domestic Space Explore Corp.', 181)
INSERT dbo.PRODUCT(ID, NAME, PRODUCER, PRICE) VALUES (50, N'Cabcyclator', N'Western Mobile Group', 63)
GO
SET IDENTITY_INSERT dbo.PRODUCT OFF
GO

--
-- Inserting data into table dbo.LOCAL_MANAGER
--
SET IDENTITY_INSERT dbo.LOCAL_MANAGER ON
GO
INSERT dbo.LOCAL_MANAGER(ID, NAME, ROLE, CONTACT, ID_CITY, ID_GENERAL_MANAGER) VALUES (1, N'Trent Dobbins', N'Sales', N'+44 5237 88 3814', 33, 10)
INSERT dbo.LOCAL_MANAGER(ID, NAME, ROLE, CONTACT, ID_CITY, ID_GENERAL_MANAGER) VALUES (2, N'Araceli Kingsley', N'Information Technology', N'+55 07 7385-3288', 37, 10)
INSERT dbo.LOCAL_MANAGER(ID, NAME, ROLE, CONTACT, ID_CITY, ID_GENERAL_MANAGER) VALUES (3, N'Kim Charlton', N'Sales', N'+32 7 173 09 66', 41, 11)
INSERT dbo.LOCAL_MANAGER(ID, NAME, ROLE, CONTACT, ID_CITY, ID_GENERAL_MANAGER) VALUES (4, N'Brett Abney', N'Research and Development', N'+49 (2808) 948240', 39, 48)
INSERT dbo.LOCAL_MANAGER(ID, NAME, ROLE, CONTACT, ID_CITY, ID_GENERAL_MANAGER) VALUES (5, N'Althea Heath', N'Marketing', N'+1 433-736-2453', 38, 35)
INSERT dbo.LOCAL_MANAGER(ID, NAME, ROLE, CONTACT, ID_CITY, ID_GENERAL_MANAGER) VALUES (6, N'Colton Ackerman', N'Research and Development', N'+33 2 37 28 19 39', 33, 35)
INSERT dbo.LOCAL_MANAGER(ID, NAME, ROLE, CONTACT, ID_CITY, ID_GENERAL_MANAGER) VALUES (7, N'Lonna Mccurdy', N'Information Technology', N'+380 74 313-987-4', 4, 7)
INSERT dbo.LOCAL_MANAGER(ID, NAME, ROLE, CONTACT, ID_CITY, ID_GENERAL_MANAGER) VALUES (8, N'Abigail Mclemore', N'Executive', N'+380 63 965-610-0', 15, 5)
INSERT dbo.LOCAL_MANAGER(ID, NAME, ROLE, CONTACT, ID_CITY, ID_GENERAL_MANAGER) VALUES (9, N'Ward Provost', N'Customer Support', N'+49 0882 847747', 42, 29)
INSERT dbo.LOCAL_MANAGER(ID, NAME, ROLE, CONTACT, ID_CITY, ID_GENERAL_MANAGER) VALUES (10, N'Adalberto Sousa', N'Research and Development', N'+971 2 777 6318', 41, 14)
INSERT dbo.LOCAL_MANAGER(ID, NAME, ROLE, CONTACT, ID_CITY, ID_GENERAL_MANAGER) VALUES (11, N'Carlita Ames', N'Information Technology', N'+380 63 014-190-4', 31, 31)
INSERT dbo.LOCAL_MANAGER(ID, NAME, ROLE, CONTACT, ID_CITY, ID_GENERAL_MANAGER) VALUES (12, N'Kelsey Alfaro', N'Facilities', N'+49 6071 150628', 23, 36)
INSERT dbo.LOCAL_MANAGER(ID, NAME, ROLE, CONTACT, ID_CITY, ID_GENERAL_MANAGER) VALUES (13, N'Annemarie Manson', N'Operations', N'+55 73 6491-8507', 6, 13)
INSERT dbo.LOCAL_MANAGER(ID, NAME, ROLE, CONTACT, ID_CITY, ID_GENERAL_MANAGER) VALUES (14, N'Tressa Amos', N'Consulting', N'+44 072 791 2165', 29, 21)
INSERT dbo.LOCAL_MANAGER(ID, NAME, ROLE, CONTACT, ID_CITY, ID_GENERAL_MANAGER) VALUES (15, N'Dorine Alcorn', N'Executive', N'+971 2 686 1459', 22, 21)
INSERT dbo.LOCAL_MANAGER(ID, NAME, ROLE, CONTACT, ID_CITY, ID_GENERAL_MANAGER) VALUES (16, N'Buck Branham', N'Consulting', N'+49 (5387) 436547', 17, 1)
INSERT dbo.LOCAL_MANAGER(ID, NAME, ROLE, CONTACT, ID_CITY, ID_GENERAL_MANAGER) VALUES (17, N'Jazmin Castellanos', N'Information Technology', N'+52 28 6506 5321', 49, 31)
INSERT dbo.LOCAL_MANAGER(ID, NAME, ROLE, CONTACT, ID_CITY, ID_GENERAL_MANAGER) VALUES (18, N'Diego Drummond', N'Information Technology', N'+49 (2054) 831577', 16, 32)
INSERT dbo.LOCAL_MANAGER(ID, NAME, ROLE, CONTACT, ID_CITY, ID_GENERAL_MANAGER) VALUES (19, N'Cristobal Bandy', N'Information Technology', N'+33 9 88 57 36 38', 25, 20)
INSERT dbo.LOCAL_MANAGER(ID, NAME, ROLE, CONTACT, ID_CITY, ID_GENERAL_MANAGER) VALUES (20, N'Mireille Rees', N'Finance', N'+55 39 8930-7228', 47, 42)
INSERT dbo.LOCAL_MANAGER(ID, NAME, ROLE, CONTACT, ID_CITY, ID_GENERAL_MANAGER) VALUES (21, N'Conception Caballero', N'Facilities', N'+33 7 83 08 61 80', 1, 18)
INSERT dbo.LOCAL_MANAGER(ID, NAME, ROLE, CONTACT, ID_CITY, ID_GENERAL_MANAGER) VALUES (22, N'Lauri Hobbs', N'Manufacturing', N'+32 0 246 90 56', 7, 1)
INSERT dbo.LOCAL_MANAGER(ID, NAME, ROLE, CONTACT, ID_CITY, ID_GENERAL_MANAGER) VALUES (23, N'Aileen Kong', N'Human Resources', N'+44 4600 57 2735', 32, 48)
INSERT dbo.LOCAL_MANAGER(ID, NAME, ROLE, CONTACT, ID_CITY, ID_GENERAL_MANAGER) VALUES (24, N'Travis Nielsen', N'Sales', N'+32 3 654 77 79', 21, 44)
INSERT dbo.LOCAL_MANAGER(ID, NAME, ROLE, CONTACT, ID_CITY, ID_GENERAL_MANAGER) VALUES (25, N'Elisha Grace', N'Executive', N'+971 7 911 7573', 45, 37)
INSERT dbo.LOCAL_MANAGER(ID, NAME, ROLE, CONTACT, ID_CITY, ID_GENERAL_MANAGER) VALUES (26, N'Adah Adamson', N'Manufacturing', N'+55 12 8715-3197', 30, 4)
INSERT dbo.LOCAL_MANAGER(ID, NAME, ROLE, CONTACT, ID_CITY, ID_GENERAL_MANAGER) VALUES (27, N'Agatha Conn', N'Consulting', N'+44 2764 22 2040', 49, 34)
INSERT dbo.LOCAL_MANAGER(ID, NAME, ROLE, CONTACT, ID_CITY, ID_GENERAL_MANAGER) VALUES (28, N'Beau Baines', N'Sales', N'+55 19 1007-7682', 31, 26)
INSERT dbo.LOCAL_MANAGER(ID, NAME, ROLE, CONTACT, ID_CITY, ID_GENERAL_MANAGER) VALUES (29, N'Winnie Ainsworth', N'Sales', N'+49 9304 138195', 32, 39)
INSERT dbo.LOCAL_MANAGER(ID, NAME, ROLE, CONTACT, ID_CITY, ID_GENERAL_MANAGER) VALUES (30, N'Fabian Alonso', N'Research and Development', N'+420 736 715 901', 37, 37)
INSERT dbo.LOCAL_MANAGER(ID, NAME, ROLE, CONTACT, ID_CITY, ID_GENERAL_MANAGER) VALUES (31, N'Adrianna Cordell', N'Manufacturing', N'+49 (9861) 306999', 32, 20)
INSERT dbo.LOCAL_MANAGER(ID, NAME, ROLE, CONTACT, ID_CITY, ID_GENERAL_MANAGER) VALUES (32, N'Teresita Abraham', N'Executive', N'+420 059 035 692', 19, 1)
INSERT dbo.LOCAL_MANAGER(ID, NAME, ROLE, CONTACT, ID_CITY, ID_GENERAL_MANAGER) VALUES (33, N'Roosevelt Albertson', N'Executive', N'+44 9474 375355', 38, 1)
INSERT dbo.LOCAL_MANAGER(ID, NAME, ROLE, CONTACT, ID_CITY, ID_GENERAL_MANAGER) VALUES (34, N'Donald Carr', N'Customer Support', N'+49 3769 791537', 31, 34)
INSERT dbo.LOCAL_MANAGER(ID, NAME, ROLE, CONTACT, ID_CITY, ID_GENERAL_MANAGER) VALUES (35, N'Alvin Mcadams', N'Consulting', N'+971 7 516 3721', 25, 7)
INSERT dbo.LOCAL_MANAGER(ID, NAME, ROLE, CONTACT, ID_CITY, ID_GENERAL_MANAGER) VALUES (36, N'Noriko Saavedra', N'Sales', N'+44 5021 636260', 42, 7)
INSERT dbo.LOCAL_MANAGER(ID, NAME, ROLE, CONTACT, ID_CITY, ID_GENERAL_MANAGER) VALUES (37, N'Adam Aldrich', N'Information Technology', N'+52 42 5299 3012', 4, 46)
INSERT dbo.LOCAL_MANAGER(ID, NAME, ROLE, CONTACT, ID_CITY, ID_GENERAL_MANAGER) VALUES (38, N'Adela Crowell', N'Consulting', N'+52 60 5532 5440', 37, 18)
INSERT dbo.LOCAL_MANAGER(ID, NAME, ROLE, CONTACT, ID_CITY, ID_GENERAL_MANAGER) VALUES (39, N'Contessa Bassett', N'Finance', N'+420 971 168 463', 24, 9)
INSERT dbo.LOCAL_MANAGER(ID, NAME, ROLE, CONTACT, ID_CITY, ID_GENERAL_MANAGER) VALUES (40, N'Abe Winchester', N'Customer Support', N'+49 5789 890964', 43, 15)
INSERT dbo.LOCAL_MANAGER(ID, NAME, ROLE, CONTACT, ID_CITY, ID_GENERAL_MANAGER) VALUES (41, N'Harris Felton', N'Operations', N'+420 026 481 321', 44, 19)
INSERT dbo.LOCAL_MANAGER(ID, NAME, ROLE, CONTACT, ID_CITY, ID_GENERAL_MANAGER) VALUES (42, N'Gerardo Albert', N'Manufacturing', N'+55 48 7601-4329', 44, 21)
INSERT dbo.LOCAL_MANAGER(ID, NAME, ROLE, CONTACT, ID_CITY, ID_GENERAL_MANAGER) VALUES (43, N'Adam Roden', N'Executive', N'+1 251-595-9702', 25, 3)
INSERT dbo.LOCAL_MANAGER(ID, NAME, ROLE, CONTACT, ID_CITY, ID_GENERAL_MANAGER) VALUES (44, N'Bee Cates', N'Customer Support', N'+33 9 98 14 26 53', 50, 36)
INSERT dbo.LOCAL_MANAGER(ID, NAME, ROLE, CONTACT, ID_CITY, ID_GENERAL_MANAGER) VALUES (45, N'Hang Ackerman', N'Consulting', N'+971 6 922 8602', 50, 31)
INSERT dbo.LOCAL_MANAGER(ID, NAME, ROLE, CONTACT, ID_CITY, ID_GENERAL_MANAGER) VALUES (46, N'Solomon Greer', N'Information Technology', N'+380 25 277-310-8', 30, 22)
INSERT dbo.LOCAL_MANAGER(ID, NAME, ROLE, CONTACT, ID_CITY, ID_GENERAL_MANAGER) VALUES (47, N'Chong Pollard', N'Information Technology', N'+55 10 6951-3701', 8, 31)
INSERT dbo.LOCAL_MANAGER(ID, NAME, ROLE, CONTACT, ID_CITY, ID_GENERAL_MANAGER) VALUES (48, N'Loree Cates', N'Sales', N'+49-1882-350859', 37, 44)
INSERT dbo.LOCAL_MANAGER(ID, NAME, ROLE, CONTACT, ID_CITY, ID_GENERAL_MANAGER) VALUES (49, N'Moshe Dick', N'Executive', N'+44 478 231 2705', 29, 5)
INSERT dbo.LOCAL_MANAGER(ID, NAME, ROLE, CONTACT, ID_CITY, ID_GENERAL_MANAGER) VALUES (50, N'Abel Marble', N'Finance', N'+49-6202-825125', 24, 1)
GO
SET IDENTITY_INSERT dbo.LOCAL_MANAGER OFF
GO

--
-- Inserting data into table dbo.PRODUCT_OFFERS
--
SET IDENTITY_INSERT dbo.PRODUCT_OFFERS ON
GO
INSERT dbo.PRODUCT_OFFERS(ID, DISCOUNT, ID_PRODUCT) VALUES (1, 67, 35)
INSERT dbo.PRODUCT_OFFERS(ID, DISCOUNT, ID_PRODUCT) VALUES (2, 39, 22)
INSERT dbo.PRODUCT_OFFERS(ID, DISCOUNT, ID_PRODUCT) VALUES (3, 58, 43)
INSERT dbo.PRODUCT_OFFERS(ID, DISCOUNT, ID_PRODUCT) VALUES (4, 2, 6)
INSERT dbo.PRODUCT_OFFERS(ID, DISCOUNT, ID_PRODUCT) VALUES (5, 20, 2)
INSERT dbo.PRODUCT_OFFERS(ID, DISCOUNT, ID_PRODUCT) VALUES (6, 23, 48)
INSERT dbo.PRODUCT_OFFERS(ID, DISCOUNT, ID_PRODUCT) VALUES (7, 61, 15)
INSERT dbo.PRODUCT_OFFERS(ID, DISCOUNT, ID_PRODUCT) VALUES (8, 38, 15)
INSERT dbo.PRODUCT_OFFERS(ID, DISCOUNT, ID_PRODUCT) VALUES (9, 54, 1)
INSERT dbo.PRODUCT_OFFERS(ID, DISCOUNT, ID_PRODUCT) VALUES (10, 1, 41)
INSERT dbo.PRODUCT_OFFERS(ID, DISCOUNT, ID_PRODUCT) VALUES (11, 62, 25)
INSERT dbo.PRODUCT_OFFERS(ID, DISCOUNT, ID_PRODUCT) VALUES (12, 63, 25)
INSERT dbo.PRODUCT_OFFERS(ID, DISCOUNT, ID_PRODUCT) VALUES (13, 9, 5)
INSERT dbo.PRODUCT_OFFERS(ID, DISCOUNT, ID_PRODUCT) VALUES (14, 59, 2)
INSERT dbo.PRODUCT_OFFERS(ID, DISCOUNT, ID_PRODUCT) VALUES (15, 49, 42)
INSERT dbo.PRODUCT_OFFERS(ID, DISCOUNT, ID_PRODUCT) VALUES (16, 42, 23)
INSERT dbo.PRODUCT_OFFERS(ID, DISCOUNT, ID_PRODUCT) VALUES (17, 26, 39)
INSERT dbo.PRODUCT_OFFERS(ID, DISCOUNT, ID_PRODUCT) VALUES (18, 44, 2)
INSERT dbo.PRODUCT_OFFERS(ID, DISCOUNT, ID_PRODUCT) VALUES (19, 14, 25)
INSERT dbo.PRODUCT_OFFERS(ID, DISCOUNT, ID_PRODUCT) VALUES (20, 73, 29)
INSERT dbo.PRODUCT_OFFERS(ID, DISCOUNT, ID_PRODUCT) VALUES (21, 19, 42)
INSERT dbo.PRODUCT_OFFERS(ID, DISCOUNT, ID_PRODUCT) VALUES (22, 41, 13)
INSERT dbo.PRODUCT_OFFERS(ID, DISCOUNT, ID_PRODUCT) VALUES (23, 30, 38)
INSERT dbo.PRODUCT_OFFERS(ID, DISCOUNT, ID_PRODUCT) VALUES (24, 12, 8)
INSERT dbo.PRODUCT_OFFERS(ID, DISCOUNT, ID_PRODUCT) VALUES (25, 38, 22)
INSERT dbo.PRODUCT_OFFERS(ID, DISCOUNT, ID_PRODUCT) VALUES (26, 66, 45)
INSERT dbo.PRODUCT_OFFERS(ID, DISCOUNT, ID_PRODUCT) VALUES (27, 71, 45)
INSERT dbo.PRODUCT_OFFERS(ID, DISCOUNT, ID_PRODUCT) VALUES (28, 74, 45)
INSERT dbo.PRODUCT_OFFERS(ID, DISCOUNT, ID_PRODUCT) VALUES (29, 12, 37)
INSERT dbo.PRODUCT_OFFERS(ID, DISCOUNT, ID_PRODUCT) VALUES (30, 10, 46)
INSERT dbo.PRODUCT_OFFERS(ID, DISCOUNT, ID_PRODUCT) VALUES (31, 8, 42)
INSERT dbo.PRODUCT_OFFERS(ID, DISCOUNT, ID_PRODUCT) VALUES (32, 40, 39)
INSERT dbo.PRODUCT_OFFERS(ID, DISCOUNT, ID_PRODUCT) VALUES (33, 2, 9)
INSERT dbo.PRODUCT_OFFERS(ID, DISCOUNT, ID_PRODUCT) VALUES (34, 55, 39)
INSERT dbo.PRODUCT_OFFERS(ID, DISCOUNT, ID_PRODUCT) VALUES (35, 51, 26)
INSERT dbo.PRODUCT_OFFERS(ID, DISCOUNT, ID_PRODUCT) VALUES (36, 9, 39)
INSERT dbo.PRODUCT_OFFERS(ID, DISCOUNT, ID_PRODUCT) VALUES (37, 54, 49)
INSERT dbo.PRODUCT_OFFERS(ID, DISCOUNT, ID_PRODUCT) VALUES (38, 7, 40)
INSERT dbo.PRODUCT_OFFERS(ID, DISCOUNT, ID_PRODUCT) VALUES (39, 39, 46)
INSERT dbo.PRODUCT_OFFERS(ID, DISCOUNT, ID_PRODUCT) VALUES (40, 20, 42)
INSERT dbo.PRODUCT_OFFERS(ID, DISCOUNT, ID_PRODUCT) VALUES (41, 3, 49)
INSERT dbo.PRODUCT_OFFERS(ID, DISCOUNT, ID_PRODUCT) VALUES (42, 4, 41)
INSERT dbo.PRODUCT_OFFERS(ID, DISCOUNT, ID_PRODUCT) VALUES (43, 6, 36)
INSERT dbo.PRODUCT_OFFERS(ID, DISCOUNT, ID_PRODUCT) VALUES (44, 12, 24)
INSERT dbo.PRODUCT_OFFERS(ID, DISCOUNT, ID_PRODUCT) VALUES (45, 7, 34)
INSERT dbo.PRODUCT_OFFERS(ID, DISCOUNT, ID_PRODUCT) VALUES (46, 73, 16)
INSERT dbo.PRODUCT_OFFERS(ID, DISCOUNT, ID_PRODUCT) VALUES (47, 16, 15)
INSERT dbo.PRODUCT_OFFERS(ID, DISCOUNT, ID_PRODUCT) VALUES (48, 7, 5)
INSERT dbo.PRODUCT_OFFERS(ID, DISCOUNT, ID_PRODUCT) VALUES (49, 51, 36)
INSERT dbo.PRODUCT_OFFERS(ID, DISCOUNT, ID_PRODUCT) VALUES (50, 4, 16)
GO
SET IDENTITY_INSERT dbo.PRODUCT_OFFERS OFF
GO

--
-- Inserting data into table dbo.SHOP
--
SET IDENTITY_INSERT dbo.SHOP ON
GO
INSERT dbo.SHOP(ID, LOCATION, OPEN_HOUR, CLOSE_HOUR, ID_CITY) VALUES (1, N'1943 Stonewood Parkway, Oklahoma City, OK, 64938', 11, 23, 5)
INSERT dbo.SHOP(ID, LOCATION, OPEN_HOUR, CLOSE_HOUR, ID_CITY) VALUES (2, N'2178 Riddle Hill Hwy, Columbus, OH, 21612', 12, 19, 46)
INSERT dbo.SHOP(ID, LOCATION, OPEN_HOUR, CLOSE_HOUR, ID_CITY) VALUES (3, N'751 W Burwood St, Comcast Building, Albany, NY, 43968', 8, 23, 15)
INSERT dbo.SHOP(ID, LOCATION, OPEN_HOUR, CLOSE_HOUR, ID_CITY) VALUES (4, N'1605 Riverside Lane, Austin, Texas, 97509', 6, 20, 10)
INSERT dbo.SHOP(ID, LOCATION, OPEN_HOUR, CLOSE_HOUR, ID_CITY) VALUES (5, N'2176 South Chapel Hill Lane, Dover, DE, 85599', 7, 23, 10)
INSERT dbo.SHOP(ID, LOCATION, OPEN_HOUR, CLOSE_HOUR, ID_CITY) VALUES (6, N'89 SW Ski Hill Blvd, STE 5, Springfield, Illinois, 45742', 8, 20, 19)
INSERT dbo.SHOP(ID, LOCATION, OPEN_HOUR, CLOSE_HOUR, ID_CITY) VALUES (7, N'2322 Riverview Circle, Comcast Bldg, Madison, WI, 09457', 6, 19, 24)
INSERT dbo.SHOP(ID, LOCATION, OPEN_HOUR, CLOSE_HOUR, ID_CITY) VALUES (8, N'2583 West Town Road, Dover, DE, 46492', 11, 18, 34)
INSERT dbo.SHOP(ID, LOCATION, OPEN_HOUR, CLOSE_HOUR, ID_CITY) VALUES (9, N'2245 E Waterview Loop, Superior Building, Bismarck, ND, 83525', 11, 18, 12)
INSERT dbo.SHOP(ID, LOCATION, OPEN_HOUR, CLOSE_HOUR, ID_CITY) VALUES (10, N'27 Meadowview Ln, Annapolis, Maryland, 72038', 11, 18, 47)
INSERT dbo.SHOP(ID, LOCATION, OPEN_HOUR, CLOSE_HOUR, ID_CITY) VALUES (11, N'1733 Chapel Hill Court, Juneau, Alaska, 63007', 6, 22, 50)
INSERT dbo.SHOP(ID, LOCATION, OPEN_HOUR, CLOSE_HOUR, ID_CITY) VALUES (12, N'3144 West Rushwood Pkwy, Bismarck, ND, 79715', 7, 22, 21)
INSERT dbo.SHOP(ID, LOCATION, OPEN_HOUR, CLOSE_HOUR, ID_CITY) VALUES (13, N'2205 South Rose Hill Way, Enquirer Building, Montgomery, Alabama, 14687', 11, 21, 10)
INSERT dbo.SHOP(ID, LOCATION, OPEN_HOUR, CLOSE_HOUR, ID_CITY) VALUES (14, N'3573 Monument Lane, Appartment 448, Boston, MA, 25875', 10, 22, 11)
INSERT dbo.SHOP(ID, LOCATION, OPEN_HOUR, CLOSE_HOUR, ID_CITY) VALUES (15, N'2102 White Social Parkway, Diamond Building, Bismarck, ND, 00601', 9, 22, 6)
INSERT dbo.SHOP(ID, LOCATION, OPEN_HOUR, CLOSE_HOUR, ID_CITY) VALUES (16, N'19 Farmview Road, 257 Towers Bldg, Harrisburg, PA, 20770', 6, 23, 16)
INSERT dbo.SHOP(ID, LOCATION, OPEN_HOUR, CLOSE_HOUR, ID_CITY) VALUES (17, N'478 1st Way, Plaza Building, Cheyenne, WY, 72107', 11, 19, 18)
INSERT dbo.SHOP(ID, LOCATION, OPEN_HOUR, CLOSE_HOUR, ID_CITY) VALUES (18, N'2420 S Rose Hill Hwy, Montgomery, Alabama, 68759', 11, 19, 12)
INSERT dbo.SHOP(ID, LOCATION, OPEN_HOUR, CLOSE_HOUR, ID_CITY) VALUES (19, N'2782 East Ashwood Hwy, 257 Towers Building, Montgomery, AL, 73767', 7, 22, 5)
INSERT dbo.SHOP(ID, LOCATION, OPEN_HOUR, CLOSE_HOUR, ID_CITY) VALUES (20, N'83 New Town Way, Des Moines, IA, 54566', 7, 19, 24)
INSERT dbo.SHOP(ID, LOCATION, OPEN_HOUR, CLOSE_HOUR, ID_CITY) VALUES (21, N'38 South Mountain Pkwy, Appartment 238, Indianapolis, Indiana, 01498', 10, 23, 13)
INSERT dbo.SHOP(ID, LOCATION, OPEN_HOUR, CLOSE_HOUR, ID_CITY) VALUES (22, N'675 Monument Parkway, STE 760, Boise, Idaho, 14549', 7, 18, 32)
INSERT dbo.SHOP(ID, LOCATION, OPEN_HOUR, CLOSE_HOUR, ID_CITY) VALUES (23, N'3930 Hidden Waterview Ln, 3rd FL, Des Moines, Iowa, 01678', 9, 22, 20)
INSERT dbo.SHOP(ID, LOCATION, OPEN_HOUR, CLOSE_HOUR, ID_CITY) VALUES (24, N'650 Old Town Court, Calyon Bldg, Indianapolis, IN, 64518', 7, 22, 5)
INSERT dbo.SHOP(ID, LOCATION, OPEN_HOUR, CLOSE_HOUR, ID_CITY) VALUES (25, N'40 NW Rushwood Ln, Montpelier, VT, 65636', 11, 21, 2)
INSERT dbo.SHOP(ID, LOCATION, OPEN_HOUR, CLOSE_HOUR, ID_CITY) VALUES (26, N'219 Mount Parkway, Dover, DE, 80529', 9, 18, 34)
INSERT dbo.SHOP(ID, LOCATION, OPEN_HOUR, CLOSE_HOUR, ID_CITY) VALUES (27, N'1832 Mountain Circle, 71th Floor, Baton Rouge, Louisiana, 15641', 6, 19, 50)
INSERT dbo.SHOP(ID, LOCATION, OPEN_HOUR, CLOSE_HOUR, ID_CITY) VALUES (28, N'2588 West Monument Blvd, Guardian Bldg, Raleigh, NC, 29311', 6, 21, 14)
INSERT dbo.SHOP(ID, LOCATION, OPEN_HOUR, CLOSE_HOUR, ID_CITY) VALUES (29, N'87 Lake St, Olympia, WA, 89619', 10, 20, 38)
INSERT dbo.SHOP(ID, LOCATION, OPEN_HOUR, CLOSE_HOUR, ID_CITY) VALUES (30, N'477 Stonewood Ct, Lansing, MI, 64158', 7, 20, 50)
INSERT dbo.SHOP(ID, LOCATION, OPEN_HOUR, CLOSE_HOUR, ID_CITY) VALUES (31, N'85 South Burwood Blvd, Lansing, Michigan, 60558', 10, 23, 15)
INSERT dbo.SHOP(ID, LOCATION, OPEN_HOUR, CLOSE_HOUR, ID_CITY) VALUES (32, N'782 Ashwood Ln, Bismarck, ND, 53195', 8, 23, 16)
INSERT dbo.SHOP(ID, LOCATION, OPEN_HOUR, CLOSE_HOUR, ID_CITY) VALUES (33, N'2512 Lake Rd, Salt Lake City, UT, 74490', 12, 20, 50)
INSERT dbo.SHOP(ID, LOCATION, OPEN_HOUR, CLOSE_HOUR, ID_CITY) VALUES (34, N'3371 SW Waterview Street, Tallahassee, Florida, 91837', 11, 20, 41)
INSERT dbo.SHOP(ID, LOCATION, OPEN_HOUR, CLOSE_HOUR, ID_CITY) VALUES (35, N'3098 North Hunting Hill Ct, 3rd FL, Albany, New York, 97997', 12, 22, 26)
INSERT dbo.SHOP(ID, LOCATION, OPEN_HOUR, CLOSE_HOUR, ID_CITY) VALUES (36, N'3573 New Ashwood Ln, Guardian Bldg, Des Moines, IA, 84178', 6, 20, 41)
INSERT dbo.SHOP(ID, LOCATION, OPEN_HOUR, CLOSE_HOUR, ID_CITY) VALUES (37, N'12 Market Court, Comcast Building, Montgomery, AL, 10988', 7, 22, 16)
INSERT dbo.SHOP(ID, LOCATION, OPEN_HOUR, CLOSE_HOUR, ID_CITY) VALUES (38, N'2329 New Riverview Parkway, Montpelier, Vermont, 62590', 8, 20, 14)
INSERT dbo.SHOP(ID, LOCATION, OPEN_HOUR, CLOSE_HOUR, ID_CITY) VALUES (39, N'926 N Chapel Hill Pkwy, Buhl Bldg, Hartford, CT, 17222', 7, 18, 28)
INSERT dbo.SHOP(ID, LOCATION, OPEN_HOUR, CLOSE_HOUR, ID_CITY) VALUES (40, N'227 Mount Ln, Equitable Bldg, Carson City, NV, 46597', 11, 23, 33)
INSERT dbo.SHOP(ID, LOCATION, OPEN_HOUR, CLOSE_HOUR, ID_CITY) VALUES (41, N'1753 Ashwood Ln, Guardian Building, Denver, CO, 64029', 6, 22, 29)
INSERT dbo.SHOP(ID, LOCATION, OPEN_HOUR, CLOSE_HOUR, ID_CITY) VALUES (42, N'2123 Ironwood Ct, Suite 5098, Columbia, SC, 15267', 12, 21, 39)
INSERT dbo.SHOP(ID, LOCATION, OPEN_HOUR, CLOSE_HOUR, ID_CITY) VALUES (43, N'991 W Social Ct, Calyon Bldg, Albany, New York, 28166', 11, 22, 34)
INSERT dbo.SHOP(ID, LOCATION, OPEN_HOUR, CLOSE_HOUR, ID_CITY) VALUES (44, N'1673 Riddle Hill Blvd, Sacramento, CA, 27186', 11, 19, 11)
INSERT dbo.SHOP(ID, LOCATION, OPEN_HOUR, CLOSE_HOUR, ID_CITY) VALUES (45, N'894 W Sharp Hill Lane, Kearns Bldg, Sacramento, CA, 27026', 10, 22, 18)
INSERT dbo.SHOP(ID, LOCATION, OPEN_HOUR, CLOSE_HOUR, ID_CITY) VALUES (46, N'35 SW Ski Hill Parkway, Trenton, New Jersey, 52302', 7, 18, 39)
INSERT dbo.SHOP(ID, LOCATION, OPEN_HOUR, CLOSE_HOUR, ID_CITY) VALUES (47, N'2942 Ironwood Way, Nipper Bldg, Little Rock, Arkansas, 44903', 7, 18, 16)
INSERT dbo.SHOP(ID, LOCATION, OPEN_HOUR, CLOSE_HOUR, ID_CITY) VALUES (48, N'3483 Prospect Hill Pkwy, 257 Towers Building, Des Moines, IA, 52363', 12, 19, 10)
INSERT dbo.SHOP(ID, LOCATION, OPEN_HOUR, CLOSE_HOUR, ID_CITY) VALUES (49, N'3269 NW Front Ct, Bartlett Bldg, Olympia, Washington, 39984', 9, 18, 10)
INSERT dbo.SHOP(ID, LOCATION, OPEN_HOUR, CLOSE_HOUR, ID_CITY) VALUES (50, N'937 Ski Hill Ave, Springfield, Illinois, 65579', 7, 23, 26)
GO
SET IDENTITY_INSERT dbo.SHOP OFF
GO

--
-- Inserting data into table dbo.EMPLOYEE
--
SET IDENTITY_INSERT dbo.EMPLOYEE ON
GO
INSERT dbo.EMPLOYEE(ID, NAME, CONTACT, SALARY, ID_LOCAL_MANAGER, ID_SHOP) VALUES (1, N'Scot Acker', N'+49 (8517) 565311', 28448.8, 7, 22)
INSERT dbo.EMPLOYEE(ID, NAME, CONTACT, SALARY, ID_LOCAL_MANAGER, ID_SHOP) VALUES (2, N'Albert Mclean', N'+32 4 790 47 06', 30093.24, 28, 1)
INSERT dbo.EMPLOYEE(ID, NAME, CONTACT, SALARY, ID_LOCAL_MANAGER, ID_SHOP) VALUES (3, N'Adelaida Bergman', N'+1 287-039-0123', 35047.21, 27, 27)
INSERT dbo.EMPLOYEE(ID, NAME, CONTACT, SALARY, ID_LOCAL_MANAGER, ID_SHOP) VALUES (4, N'Abram Patten', N'+49 9832 865192', 38849.48, 45, 22)
INSERT dbo.EMPLOYEE(ID, NAME, CONTACT, SALARY, ID_LOCAL_MANAGER, ID_SHOP) VALUES (5, N'Edgar Adler', N'+380 54 183-980-5', 46744.29, 1, 39)
INSERT dbo.EMPLOYEE(ID, NAME, CONTACT, SALARY, ID_LOCAL_MANAGER, ID_SHOP) VALUES (6, N'Edward Jarvis', N'+49 1559 592782', 23374.25, 28, 30)
INSERT dbo.EMPLOYEE(ID, NAME, CONTACT, SALARY, ID_LOCAL_MANAGER, ID_SHOP) VALUES (7, N'Wesley Ramirez', N'+49 0775 368103', 52501.4, 21, 46)
INSERT dbo.EMPLOYEE(ID, NAME, CONTACT, SALARY, ID_LOCAL_MANAGER, ID_SHOP) VALUES (8, N'Gregg Fulmer', N'+44 3337 244574', 59527.17, 23, 38)
INSERT dbo.EMPLOYEE(ID, NAME, CONTACT, SALARY, ID_LOCAL_MANAGER, ID_SHOP) VALUES (9, N'Karly Aguirre', N'+49-4371-217592', 52229.48, 42, 17)
INSERT dbo.EMPLOYEE(ID, NAME, CONTACT, SALARY, ID_LOCAL_MANAGER, ID_SHOP) VALUES (10, N'Rueben Sell', N'+33 8 32 33 28 87', 36989.24, 11, 46)
INSERT dbo.EMPLOYEE(ID, NAME, CONTACT, SALARY, ID_LOCAL_MANAGER, ID_SHOP) VALUES (11, N'Porsha Minton', N'+44 133 014 7042', 46954.33, 4, 48)
INSERT dbo.EMPLOYEE(ID, NAME, CONTACT, SALARY, ID_LOCAL_MANAGER, ID_SHOP) VALUES (12, N'Almeta Bowling', N'+32 3 492 35 09', 20497.34, 37, 16)
INSERT dbo.EMPLOYEE(ID, NAME, CONTACT, SALARY, ID_LOCAL_MANAGER, ID_SHOP) VALUES (13, N'Leonora Houser', N'+32 1 871 42 80', 56786.86, 8, 3)
INSERT dbo.EMPLOYEE(ID, NAME, CONTACT, SALARY, ID_LOCAL_MANAGER, ID_SHOP) VALUES (14, N'Dudley Rowan', N'+44 0531 547097', 50726.19, 21, 10)
INSERT dbo.EMPLOYEE(ID, NAME, CONTACT, SALARY, ID_LOCAL_MANAGER, ID_SHOP) VALUES (15, N'Vance Blaine', N'+33 6 66 48 03 40', 41039.33, 42, 43)
INSERT dbo.EMPLOYEE(ID, NAME, CONTACT, SALARY, ID_LOCAL_MANAGER, ID_SHOP) VALUES (16, N'Clemmie Grove', N'+52 29 1117 1474', 40532.56, 3, 47)
INSERT dbo.EMPLOYEE(ID, NAME, CONTACT, SALARY, ID_LOCAL_MANAGER, ID_SHOP) VALUES (17, N'Lester Cohn', N'+33 3 58 49 49 22', 41127.17, 5, 23)
INSERT dbo.EMPLOYEE(ID, NAME, CONTACT, SALARY, ID_LOCAL_MANAGER, ID_SHOP) VALUES (18, N'Andrew Crutchfield', N'+32 8 486 10 59', 29624.08, 24, 8)
INSERT dbo.EMPLOYEE(ID, NAME, CONTACT, SALARY, ID_LOCAL_MANAGER, ID_SHOP) VALUES (19, N'Percy Valdes', N'+44 221 042 1874', 32553.14, 33, 32)
INSERT dbo.EMPLOYEE(ID, NAME, CONTACT, SALARY, ID_LOCAL_MANAGER, ID_SHOP) VALUES (20, N'Duncan Sisco', N'+380 79 182-620-6', 37727.28, 33, 45)
INSERT dbo.EMPLOYEE(ID, NAME, CONTACT, SALARY, ID_LOCAL_MANAGER, ID_SHOP) VALUES (21, N'Christian Gill', N'+380 03 733-030-2', 27121.84, 4, 1)
INSERT dbo.EMPLOYEE(ID, NAME, CONTACT, SALARY, ID_LOCAL_MANAGER, ID_SHOP) VALUES (22, N'Avery Weeks', N'+49 (7740) 749839', 20110.27, 32, 36)
INSERT dbo.EMPLOYEE(ID, NAME, CONTACT, SALARY, ID_LOCAL_MANAGER, ID_SHOP) VALUES (23, N'Travis Abney', N'+1 493-249-4900', 58004.62, 22, 8)
INSERT dbo.EMPLOYEE(ID, NAME, CONTACT, SALARY, ID_LOCAL_MANAGER, ID_SHOP) VALUES (24, N'Judson Oh', N'+55 32 8550-1436', 54591.88, 23, 12)
INSERT dbo.EMPLOYEE(ID, NAME, CONTACT, SALARY, ID_LOCAL_MANAGER, ID_SHOP) VALUES (25, N'Abe Tibbs', N'+52 86 0910 8910', 37570.09, 47, 24)
INSERT dbo.EMPLOYEE(ID, NAME, CONTACT, SALARY, ID_LOCAL_MANAGER, ID_SHOP) VALUES (26, N'Allan Canales', N'+44 1038 94 8474', 37873.07, 13, 27)
INSERT dbo.EMPLOYEE(ID, NAME, CONTACT, SALARY, ID_LOCAL_MANAGER, ID_SHOP) VALUES (27, N'Kristle Dickens', N'+44 5798 861470', 49761.04, 41, 34)
INSERT dbo.EMPLOYEE(ID, NAME, CONTACT, SALARY, ID_LOCAL_MANAGER, ID_SHOP) VALUES (28, N'Aide Manley', N'+1 136-650-2753', 50071.5, 40, 15)
INSERT dbo.EMPLOYEE(ID, NAME, CONTACT, SALARY, ID_LOCAL_MANAGER, ID_SHOP) VALUES (29, N'Vita Morrissey', N'+44 8192 507372', 57119.96, 37, 12)
INSERT dbo.EMPLOYEE(ID, NAME, CONTACT, SALARY, ID_LOCAL_MANAGER, ID_SHOP) VALUES (30, N'Alease Perales', N'+44 6692 218495', 34318.45, 47, 21)
INSERT dbo.EMPLOYEE(ID, NAME, CONTACT, SALARY, ID_LOCAL_MANAGER, ID_SHOP) VALUES (31, N'Agueda Camp', N'+44 9515 72 3551', 25826.86, 13, 2)
INSERT dbo.EMPLOYEE(ID, NAME, CONTACT, SALARY, ID_LOCAL_MANAGER, ID_SHOP) VALUES (32, N'Jamie Aguiar', N'+44 6550 23 4216', 24373.35, 46, 44)
INSERT dbo.EMPLOYEE(ID, NAME, CONTACT, SALARY, ID_LOCAL_MANAGER, ID_SHOP) VALUES (33, N'Augustus Abreu', N'+44 814 917 9131', 27067.61, 19, 17)
INSERT dbo.EMPLOYEE(ID, NAME, CONTACT, SALARY, ID_LOCAL_MANAGER, ID_SHOP) VALUES (34, N'Romeo Anderson', N'+32 2 222 66 23', 46343.03, 28, 9)
INSERT dbo.EMPLOYEE(ID, NAME, CONTACT, SALARY, ID_LOCAL_MANAGER, ID_SHOP) VALUES (35, N'Abdul Rainey', N'+49 9183 314688', 20692.04, 19, 7)
INSERT dbo.EMPLOYEE(ID, NAME, CONTACT, SALARY, ID_LOCAL_MANAGER, ID_SHOP) VALUES (36, N'Joye Ryder', N'+32 4 920 05 56', 48269.36, 19, 34)
INSERT dbo.EMPLOYEE(ID, NAME, CONTACT, SALARY, ID_LOCAL_MANAGER, ID_SHOP) VALUES (37, N'Rory Burchfield', N'+420 203 895 994', 55366.72, 4, 44)
INSERT dbo.EMPLOYEE(ID, NAME, CONTACT, SALARY, ID_LOCAL_MANAGER, ID_SHOP) VALUES (38, N'Adaline Shah', N'+49 (2450) 823711', 57814.64, 20, 40)
INSERT dbo.EMPLOYEE(ID, NAME, CONTACT, SALARY, ID_LOCAL_MANAGER, ID_SHOP) VALUES (39, N'Alexandria Mendenhall', N'+55 98 8425-7087', 58238.12, 43, 6)
INSERT dbo.EMPLOYEE(ID, NAME, CONTACT, SALARY, ID_LOCAL_MANAGER, ID_SHOP) VALUES (40, N'Adolfo Rangel', N'+33 4 62 96 79 95', 36517.36, 1, 34)
INSERT dbo.EMPLOYEE(ID, NAME, CONTACT, SALARY, ID_LOCAL_MANAGER, ID_SHOP) VALUES (41, N'Kyung Andrew', N'+380 58 614-636-6', 48753.6, 20, 25)
INSERT dbo.EMPLOYEE(ID, NAME, CONTACT, SALARY, ID_LOCAL_MANAGER, ID_SHOP) VALUES (42, N'Melvin Sommers', N'+380 36 791-537-0', 31411.04, 17, 14)
INSERT dbo.EMPLOYEE(ID, NAME, CONTACT, SALARY, ID_LOCAL_MANAGER, ID_SHOP) VALUES (43, N'Jamika Mendez', N'+420 384 725 540', 44249.76, 12, 9)
INSERT dbo.EMPLOYEE(ID, NAME, CONTACT, SALARY, ID_LOCAL_MANAGER, ID_SHOP) VALUES (44, N'Seth Ojeda', N'+971 9 583 9702', 29548.62, 15, 50)
INSERT dbo.EMPLOYEE(ID, NAME, CONTACT, SALARY, ID_LOCAL_MANAGER, ID_SHOP) VALUES (45, N'Mistie Musgrove', N'+380 26 861-473-5', 56156.18, 4, 3)
INSERT dbo.EMPLOYEE(ID, NAME, CONTACT, SALARY, ID_LOCAL_MANAGER, ID_SHOP) VALUES (46, N'Gabriela Harmon', N'+49 (5022) 356986', 57927.91, 47, 35)
INSERT dbo.EMPLOYEE(ID, NAME, CONTACT, SALARY, ID_LOCAL_MANAGER, ID_SHOP) VALUES (47, N'Alexis Goulet', N'+49 (2801) 242717', 34691.39, 8, 47)
INSERT dbo.EMPLOYEE(ID, NAME, CONTACT, SALARY, ID_LOCAL_MANAGER, ID_SHOP) VALUES (48, N'Neal Bergman', N'+44 157 748 9072', 35366.59, 48, 47)
INSERT dbo.EMPLOYEE(ID, NAME, CONTACT, SALARY, ID_LOCAL_MANAGER, ID_SHOP) VALUES (49, N'Fermina Fields', N'+420 611 790 304', 55382.19, 2, 8)
INSERT dbo.EMPLOYEE(ID, NAME, CONTACT, SALARY, ID_LOCAL_MANAGER, ID_SHOP) VALUES (50, N'Rolande Price', N'+52 03 7480 0158', 28497.35, 17, 25)
GO
SET IDENTITY_INSERT dbo.EMPLOYEE OFF
GO

--
-- Inserting data into table dbo.FIDELITY_CARD
--
INSERT dbo.FIDELITY_CARD(ID, ID_SHOP, ACTIVATED_DATE) VALUES (1, 46, '1976-03-19')
INSERT dbo.FIDELITY_CARD(ID, ID_SHOP, ACTIVATED_DATE) VALUES (2, 44, NULL)
INSERT dbo.FIDELITY_CARD(ID, ID_SHOP, ACTIVATED_DATE) VALUES (3, 26, '1997-06-14')
INSERT dbo.FIDELITY_CARD(ID, ID_SHOP, ACTIVATED_DATE) VALUES (4, 33, '1983-05-21')
INSERT dbo.FIDELITY_CARD(ID, ID_SHOP, ACTIVATED_DATE) VALUES (5, 28, '2012-08-20')
INSERT dbo.FIDELITY_CARD(ID, ID_SHOP, ACTIVATED_DATE) VALUES (6, 5, '1994-08-09')
INSERT dbo.FIDELITY_CARD(ID, ID_SHOP, ACTIVATED_DATE) VALUES (7, 23, '1985-03-09')
INSERT dbo.FIDELITY_CARD(ID, ID_SHOP, ACTIVATED_DATE) VALUES (8, 35, '1971-07-21')
INSERT dbo.FIDELITY_CARD(ID, ID_SHOP, ACTIVATED_DATE) VALUES (9, 46, '1972-07-03')
INSERT dbo.FIDELITY_CARD(ID, ID_SHOP, ACTIVATED_DATE) VALUES (10, 32, '1984-04-27')
INSERT dbo.FIDELITY_CARD(ID, ID_SHOP, ACTIVATED_DATE) VALUES (11, 39, '2011-02-07')
INSERT dbo.FIDELITY_CARD(ID, ID_SHOP, ACTIVATED_DATE) VALUES (12, 13, '1999-12-24')
INSERT dbo.FIDELITY_CARD(ID, ID_SHOP, ACTIVATED_DATE) VALUES (13, 8, '1970-01-31')
INSERT dbo.FIDELITY_CARD(ID, ID_SHOP, ACTIVATED_DATE) VALUES (14, 28, '1997-07-25')
INSERT dbo.FIDELITY_CARD(ID, ID_SHOP, ACTIVATED_DATE) VALUES (15, 7, '2007-01-02')
INSERT dbo.FIDELITY_CARD(ID, ID_SHOP, ACTIVATED_DATE) VALUES (16, 23, '1970-01-14')
INSERT dbo.FIDELITY_CARD(ID, ID_SHOP, ACTIVATED_DATE) VALUES (17, 47, NULL)
INSERT dbo.FIDELITY_CARD(ID, ID_SHOP, ACTIVATED_DATE) VALUES (18, 26, '2018-12-31')
INSERT dbo.FIDELITY_CARD(ID, ID_SHOP, ACTIVATED_DATE) VALUES (19, 32, '1977-10-10')
INSERT dbo.FIDELITY_CARD(ID, ID_SHOP, ACTIVATED_DATE) VALUES (20, 38, '1972-12-21')
INSERT dbo.FIDELITY_CARD(ID, ID_SHOP, ACTIVATED_DATE) VALUES (21, 49, NULL)
INSERT dbo.FIDELITY_CARD(ID, ID_SHOP, ACTIVATED_DATE) VALUES (22, 28, '1970-01-06')
INSERT dbo.FIDELITY_CARD(ID, ID_SHOP, ACTIVATED_DATE) VALUES (23, 37, '1982-12-22')
INSERT dbo.FIDELITY_CARD(ID, ID_SHOP, ACTIVATED_DATE) VALUES (24, 13, '1992-05-20')
INSERT dbo.FIDELITY_CARD(ID, ID_SHOP, ACTIVATED_DATE) VALUES (25, 32, '1979-05-27')
INSERT dbo.FIDELITY_CARD(ID, ID_SHOP, ACTIVATED_DATE) VALUES (26, 25, '1981-03-25')
INSERT dbo.FIDELITY_CARD(ID, ID_SHOP, ACTIVATED_DATE) VALUES (27, 49, '1971-10-09')
INSERT dbo.FIDELITY_CARD(ID, ID_SHOP, ACTIVATED_DATE) VALUES (28, 6, '1971-09-22')
INSERT dbo.FIDELITY_CARD(ID, ID_SHOP, ACTIVATED_DATE) VALUES (29, 4, '1985-04-05')
INSERT dbo.FIDELITY_CARD(ID, ID_SHOP, ACTIVATED_DATE) VALUES (30, 6, '1975-08-11')
INSERT dbo.FIDELITY_CARD(ID, ID_SHOP, ACTIVATED_DATE) VALUES (31, 20, '2012-04-06')
INSERT dbo.FIDELITY_CARD(ID, ID_SHOP, ACTIVATED_DATE) VALUES (32, 1, '1989-01-17')
INSERT dbo.FIDELITY_CARD(ID, ID_SHOP, ACTIVATED_DATE) VALUES (33, 44, '2018-08-31')
INSERT dbo.FIDELITY_CARD(ID, ID_SHOP, ACTIVATED_DATE) VALUES (34, 12, '1999-06-20')
INSERT dbo.FIDELITY_CARD(ID, ID_SHOP, ACTIVATED_DATE) VALUES (35, 4, '1971-09-15')
INSERT dbo.FIDELITY_CARD(ID, ID_SHOP, ACTIVATED_DATE) VALUES (36, 37, '1995-05-10')
INSERT dbo.FIDELITY_CARD(ID, ID_SHOP, ACTIVATED_DATE) VALUES (37, 45, '2017-02-05')
INSERT dbo.FIDELITY_CARD(ID, ID_SHOP, ACTIVATED_DATE) VALUES (38, 4, '1992-11-02')
INSERT dbo.FIDELITY_CARD(ID, ID_SHOP, ACTIVATED_DATE) VALUES (39, 31, '1970-01-05')
INSERT dbo.FIDELITY_CARD(ID, ID_SHOP, ACTIVATED_DATE) VALUES (40, 20, '1974-12-17')
INSERT dbo.FIDELITY_CARD(ID, ID_SHOP, ACTIVATED_DATE) VALUES (41, 44, '1970-04-08')
INSERT dbo.FIDELITY_CARD(ID, ID_SHOP, ACTIVATED_DATE) VALUES (42, 1, '1973-05-24')
INSERT dbo.FIDELITY_CARD(ID, ID_SHOP, ACTIVATED_DATE) VALUES (43, 27, '1989-02-08')
INSERT dbo.FIDELITY_CARD(ID, ID_SHOP, ACTIVATED_DATE) VALUES (44, 40, '1970-02-27')
INSERT dbo.FIDELITY_CARD(ID, ID_SHOP, ACTIVATED_DATE) VALUES (45, 37, '1978-06-15')
INSERT dbo.FIDELITY_CARD(ID, ID_SHOP, ACTIVATED_DATE) VALUES (46, 31, '1970-02-23')
INSERT dbo.FIDELITY_CARD(ID, ID_SHOP, ACTIVATED_DATE) VALUES (47, 25, '1971-01-18')
INSERT dbo.FIDELITY_CARD(ID, ID_SHOP, ACTIVATED_DATE) VALUES (48, 14, '1970-09-01')
INSERT dbo.FIDELITY_CARD(ID, ID_SHOP, ACTIVATED_DATE) VALUES (49, 36, '2020-02-09')
INSERT dbo.FIDELITY_CARD(ID, ID_SHOP, ACTIVATED_DATE) VALUES (50, 12, '2013-02-22')
GO

--
-- Inserting data into table dbo.CLIENT
--
SET IDENTITY_INSERT dbo.CLIENT ON
GO
INSERT dbo.CLIENT(ID, NAME, AGE, CONTACT, ID_CARD) VALUES (1, N'Abraham Acevedo', 39, N'+55 30 5790-7694', 32)
INSERT dbo.CLIENT(ID, NAME, AGE, CONTACT, ID_CARD) VALUES (2, N'Retta Lord', 23, N'+44 9587 519304', 23)
INSERT dbo.CLIENT(ID, NAME, AGE, CONTACT, ID_CARD) VALUES (3, N'Treena Lind', 37, N'+380 52 336-757-3', 41)
INSERT dbo.CLIENT(ID, NAME, AGE, CONTACT, ID_CARD) VALUES (4, N'Hong Beaudoin', 43, N'+33 0 97 58 99 10', 21)
INSERT dbo.CLIENT(ID, NAME, AGE, CONTACT, ID_CARD) VALUES (5, N'Jason Blackmon', 24, N'+971 2 472 2577', 32)
INSERT dbo.CLIENT(ID, NAME, AGE, CONTACT, ID_CARD) VALUES (6, N'Tiny Card', NULL, N'+55 29 7731-9814', 49)
INSERT dbo.CLIENT(ID, NAME, AGE, CONTACT, ID_CARD) VALUES (7, N'Carroll Binder', 23, N'+380 95 426-922-0', 18)
INSERT dbo.CLIENT(ID, NAME, AGE, CONTACT, ID_CARD) VALUES (8, N'Maynard Brockman', 54, N'+49-4347-816889', 40)
INSERT dbo.CLIENT(ID, NAME, AGE, CONTACT, ID_CARD) VALUES (9, N'Peggy Charlton', 54, N'+420 221 227 799', 3)
INSERT dbo.CLIENT(ID, NAME, AGE, CONTACT, ID_CARD) VALUES (10, N'Selene Cartwright', 56, N'+52 31 9641 8402', 22)
INSERT dbo.CLIENT(ID, NAME, AGE, CONTACT, ID_CARD) VALUES (11, N'Fabian Dalton', 27, N'+1 915-165-0906', 28)
INSERT dbo.CLIENT(ID, NAME, AGE, CONTACT, ID_CARD) VALUES (12, N'Isreal Dougherty', 33, N'+44 1864 500663', 1)
INSERT dbo.CLIENT(ID, NAME, AGE, CONTACT, ID_CARD) VALUES (13, N'Forrest Babb', 33, N'+44 400 640 8945', 44)
INSERT dbo.CLIENT(ID, NAME, AGE, CONTACT, ID_CARD) VALUES (14, N'Augustine Corbin', 55, N'+52 07 5565 7088', 6)
INSERT dbo.CLIENT(ID, NAME, AGE, CONTACT, ID_CARD) VALUES (15, N'Roland Rowan', 27, N'+55 22 0954-5179', 31)
INSERT dbo.CLIENT(ID, NAME, AGE, CONTACT, ID_CARD) VALUES (16, N'Adelaida Laporte', 45, N'+52 05 7633 3976', 47)
INSERT dbo.CLIENT(ID, NAME, AGE, CONTACT, ID_CARD) VALUES (17, N'Deandre Ortiz', 57, N'+44 6825 25 7168', 50)
INSERT dbo.CLIENT(ID, NAME, AGE, CONTACT, ID_CARD) VALUES (18, N'Cierra Neville', 22, N'+971 2 956 8532', 42)
INSERT dbo.CLIENT(ID, NAME, AGE, CONTACT, ID_CARD) VALUES (19, N'Grant Ackerman', 57, N'+52 73 2981 4274', 48)
INSERT dbo.CLIENT(ID, NAME, AGE, CONTACT, ID_CARD) VALUES (20, N'Alene Ambrose', 53, N'+49 7890 379328', 11)
INSERT dbo.CLIENT(ID, NAME, AGE, CONTACT, ID_CARD) VALUES (21, N'Corinna Bratton', 31, N'+44 4714 24 1967', 34)
INSERT dbo.CLIENT(ID, NAME, AGE, CONTACT, ID_CARD) VALUES (22, N'Darcel Broussard', 23, N'+44 618 092 1269', 24)
INSERT dbo.CLIENT(ID, NAME, AGE, CONTACT, ID_CARD) VALUES (23, N'Abel Woodward', 58, N'+971 2 590 0209', 6)
INSERT dbo.CLIENT(ID, NAME, AGE, CONTACT, ID_CARD) VALUES (24, N'Eldon Christenson', 57, N'+52 88 7259 8397', 8)
INSERT dbo.CLIENT(ID, NAME, AGE, CONTACT, ID_CARD) VALUES (25, N'Claude Spellman', 21, N'+44 703 731 2314', 16)
INSERT dbo.CLIENT(ID, NAME, AGE, CONTACT, ID_CARD) VALUES (26, N'Arthur Beane', 54, N'+44 1738 357338', 18)
INSERT dbo.CLIENT(ID, NAME, AGE, CONTACT, ID_CARD) VALUES (27, N'Alease Montoya', 20, N'+44 2635 266056', 11)
INSERT dbo.CLIENT(ID, NAME, AGE, CONTACT, ID_CARD) VALUES (28, N'Xiao Hauser', 58, N'+44 915 069 7714', 22)
INSERT dbo.CLIENT(ID, NAME, AGE, CONTACT, ID_CARD) VALUES (29, N'Juan Whitten', 23, N'+420 647 514 574', 40)
INSERT dbo.CLIENT(ID, NAME, AGE, CONTACT, ID_CARD) VALUES (30, N'Lianne Aquino', 52, N'+971 8 229 0158', 38)
INSERT dbo.CLIENT(ID, NAME, AGE, CONTACT, ID_CARD) VALUES (31, N'Zula Apodaca', 60, N'+380 13 458-568-1', 33)
INSERT dbo.CLIENT(ID, NAME, AGE, CONTACT, ID_CARD) VALUES (32, N'Dong Alarcon', 57, N'+420 290 780 921', 24)
INSERT dbo.CLIENT(ID, NAME, AGE, CONTACT, ID_CARD) VALUES (33, N'Scott Rich', 62, N'+55 47 5338-4938', 8)
INSERT dbo.CLIENT(ID, NAME, AGE, CONTACT, ID_CARD) VALUES (34, N'Rubi Hobbs', 29, N'+420 633 801 903', 2)
INSERT dbo.CLIENT(ID, NAME, AGE, CONTACT, ID_CARD) VALUES (35, N'Adah Acker', 62, N'+49 (5593) 551308', 49)
INSERT dbo.CLIENT(ID, NAME, AGE, CONTACT, ID_CARD) VALUES (36, N'Pedro Harley', 36, N'+32 2 273 87 19', 45)
INSERT dbo.CLIENT(ID, NAME, AGE, CONTACT, ID_CARD) VALUES (37, N'Ahmed Burkett', 33, N'+44 6137 33 9026', 4)
INSERT dbo.CLIENT(ID, NAME, AGE, CONTACT, ID_CARD) VALUES (38, N'Molly Bobo', 49, N'+49 6168 963833', 12)
INSERT dbo.CLIENT(ID, NAME, AGE, CONTACT, ID_CARD) VALUES (39, N'Darrin Downey', 49, N'+1 931-367-8829', 49)
INSERT dbo.CLIENT(ID, NAME, AGE, CONTACT, ID_CARD) VALUES (40, N'Sherwood Moody', 39, N'+32 4 212 27 04', 16)
INSERT dbo.CLIENT(ID, NAME, AGE, CONTACT, ID_CARD) VALUES (41, N'Laurence Deloach', 40, N'+33 8 38 17 87 78', 12)
INSERT dbo.CLIENT(ID, NAME, AGE, CONTACT, ID_CARD) VALUES (42, N'Audrea Cameron', 49, N'+33 9 36 71 86 56', 30)
INSERT dbo.CLIENT(ID, NAME, AGE, CONTACT, ID_CARD) VALUES (43, N'Abraham Berryman', 49, N'+44 1259 69 2387', 24)
INSERT dbo.CLIENT(ID, NAME, AGE, CONTACT, ID_CARD) VALUES (44, N'Abe Addison', 35, N'+971 4 435 6460', 11)
INSERT dbo.CLIENT(ID, NAME, AGE, CONTACT, ID_CARD) VALUES (45, N'Sanford Dyson', NULL, N'+49-0529-292645', 37)
INSERT dbo.CLIENT(ID, NAME, AGE, CONTACT, ID_CARD) VALUES (46, N'Luke Giron', 33, N'+380 83 623-315-4', 22)
INSERT dbo.CLIENT(ID, NAME, AGE, CONTACT, ID_CARD) VALUES (47, N'Marylin Bankston', NULL, N'+32 9 297 98 55', 45)
INSERT dbo.CLIENT(ID, NAME, AGE, CONTACT, ID_CARD) VALUES (48, N'Raphael Ahern', 46, N'+55 70 4115-1928', 6)
INSERT dbo.CLIENT(ID, NAME, AGE, CONTACT, ID_CARD) VALUES (49, N'Bianca Emery', 44, N'+44 6457 49 1494', 46)
INSERT dbo.CLIENT(ID, NAME, AGE, CONTACT, ID_CARD) VALUES (50, N'Dimple Alba', 47, N'+32 2 225 04 82', 39)
GO
SET IDENTITY_INSERT dbo.CLIENT OFF
GO

--
-- Inserting data into table dbo.RECEIPT
--
SET IDENTITY_INSERT dbo.RECEIPT ON
GO
INSERT dbo.RECEIPT(ID, TOTAL_PRICE, DATE, ID_CLIENT, ID_EMPLOYEE) VALUES (1, 4705, '2019-01-11', 3, 33)
INSERT dbo.RECEIPT(ID, TOTAL_PRICE, DATE, ID_CLIENT, ID_EMPLOYEE) VALUES (2, 569, '1971-07-24', 13, 18)
INSERT dbo.RECEIPT(ID, TOTAL_PRICE, DATE, ID_CLIENT, ID_EMPLOYEE) VALUES (3, 6229, '1985-09-12', 33, 40)
INSERT dbo.RECEIPT(ID, TOTAL_PRICE, DATE, ID_CLIENT, ID_EMPLOYEE) VALUES (4, 7618, '2015-09-02', 39, 15)
INSERT dbo.RECEIPT(ID, TOTAL_PRICE, DATE, ID_CLIENT, ID_EMPLOYEE) VALUES (5, 5247, '1984-05-14', 38, 28)
INSERT dbo.RECEIPT(ID, TOTAL_PRICE, DATE, ID_CLIENT, ID_EMPLOYEE) VALUES (6, 5, '1970-01-06', 28, 6)
INSERT dbo.RECEIPT(ID, TOTAL_PRICE, DATE, ID_CLIENT, ID_EMPLOYEE) VALUES (7, 3245, '1996-02-27', 28, 39)
INSERT dbo.RECEIPT(ID, TOTAL_PRICE, DATE, ID_CLIENT, ID_EMPLOYEE) VALUES (8, 5778, '1985-10-27', 46, 27)
INSERT dbo.RECEIPT(ID, TOTAL_PRICE, DATE, ID_CLIENT, ID_EMPLOYEE) VALUES (9, 8576, '1971-12-11', 28, 49)
INSERT dbo.RECEIPT(ID, TOTAL_PRICE, DATE, ID_CLIENT, ID_EMPLOYEE) VALUES (10, 8374, '1970-01-01', 21, 37)
INSERT dbo.RECEIPT(ID, TOTAL_PRICE, DATE, ID_CLIENT, ID_EMPLOYEE) VALUES (11, 6570, '1985-06-06', 37, 20)
INSERT dbo.RECEIPT(ID, TOTAL_PRICE, DATE, ID_CLIENT, ID_EMPLOYEE) VALUES (12, 127, '2018-05-09', 20, 3)
INSERT dbo.RECEIPT(ID, TOTAL_PRICE, DATE, ID_CLIENT, ID_EMPLOYEE) VALUES (13, 5927, '1987-02-05', 12, 7)
INSERT dbo.RECEIPT(ID, TOTAL_PRICE, DATE, ID_CLIENT, ID_EMPLOYEE) VALUES (14, 5294, '1984-03-09', 28, 38)
INSERT dbo.RECEIPT(ID, TOTAL_PRICE, DATE, ID_CLIENT, ID_EMPLOYEE) VALUES (15, 8510, '2015-12-10', 20, 41)
INSERT dbo.RECEIPT(ID, TOTAL_PRICE, DATE, ID_CLIENT, ID_EMPLOYEE) VALUES (16, 3, '1989-11-15', 7, 13)
INSERT dbo.RECEIPT(ID, TOTAL_PRICE, DATE, ID_CLIENT, ID_EMPLOYEE) VALUES (17, 62, NULL, 23, 15)
INSERT dbo.RECEIPT(ID, TOTAL_PRICE, DATE, ID_CLIENT, ID_EMPLOYEE) VALUES (18, 8667, NULL, 4, 24)
INSERT dbo.RECEIPT(ID, TOTAL_PRICE, DATE, ID_CLIENT, ID_EMPLOYEE) VALUES (19, 2049, '2007-07-11', 23, 28)
INSERT dbo.RECEIPT(ID, TOTAL_PRICE, DATE, ID_CLIENT, ID_EMPLOYEE) VALUES (20, 7808, '1992-07-06', 2, 18)
INSERT dbo.RECEIPT(ID, TOTAL_PRICE, DATE, ID_CLIENT, ID_EMPLOYEE) VALUES (21, 608, '1994-08-21', 28, 6)
INSERT dbo.RECEIPT(ID, TOTAL_PRICE, DATE, ID_CLIENT, ID_EMPLOYEE) VALUES (22, 2662, '1991-05-19', 48, 16)
INSERT dbo.RECEIPT(ID, TOTAL_PRICE, DATE, ID_CLIENT, ID_EMPLOYEE) VALUES (23, 1921, '1971-09-01', 32, 31)
INSERT dbo.RECEIPT(ID, TOTAL_PRICE, DATE, ID_CLIENT, ID_EMPLOYEE) VALUES (24, 78, '1985-04-27', 7, 20)
INSERT dbo.RECEIPT(ID, TOTAL_PRICE, DATE, ID_CLIENT, ID_EMPLOYEE) VALUES (25, 4889, '2001-10-27', 28, 29)
INSERT dbo.RECEIPT(ID, TOTAL_PRICE, DATE, ID_CLIENT, ID_EMPLOYEE) VALUES (26, 8730, '1970-03-20', 43, 47)
INSERT dbo.RECEIPT(ID, TOTAL_PRICE, DATE, ID_CLIENT, ID_EMPLOYEE) VALUES (27, 6363, '1981-08-02', 30, 17)
INSERT dbo.RECEIPT(ID, TOTAL_PRICE, DATE, ID_CLIENT, ID_EMPLOYEE) VALUES (28, 842, '2010-03-10', 28, 42)
INSERT dbo.RECEIPT(ID, TOTAL_PRICE, DATE, ID_CLIENT, ID_EMPLOYEE) VALUES (29, 8104, '1996-11-09', 40, 1)
INSERT dbo.RECEIPT(ID, TOTAL_PRICE, DATE, ID_CLIENT, ID_EMPLOYEE) VALUES (30, 1889, '1972-04-22', 30, 37)
INSERT dbo.RECEIPT(ID, TOTAL_PRICE, DATE, ID_CLIENT, ID_EMPLOYEE) VALUES (31, 836, '1985-07-05', 28, 19)
INSERT dbo.RECEIPT(ID, TOTAL_PRICE, DATE, ID_CLIENT, ID_EMPLOYEE) VALUES (32, 9631, '2013-01-16', 5, 6)
INSERT dbo.RECEIPT(ID, TOTAL_PRICE, DATE, ID_CLIENT, ID_EMPLOYEE) VALUES (33, 8224, '1972-04-16', 36, 27)
INSERT dbo.RECEIPT(ID, TOTAL_PRICE, DATE, ID_CLIENT, ID_EMPLOYEE) VALUES (34, 5812, '1996-05-15', 18, 36)
INSERT dbo.RECEIPT(ID, TOTAL_PRICE, DATE, ID_CLIENT, ID_EMPLOYEE) VALUES (35, 2375, NULL, 17, 21)
INSERT dbo.RECEIPT(ID, TOTAL_PRICE, DATE, ID_CLIENT, ID_EMPLOYEE) VALUES (36, 6682, '2003-08-18', 9, 46)
INSERT dbo.RECEIPT(ID, TOTAL_PRICE, DATE, ID_CLIENT, ID_EMPLOYEE) VALUES (37, 3111, '1985-11-30', 26, 21)
INSERT dbo.RECEIPT(ID, TOTAL_PRICE, DATE, ID_CLIENT, ID_EMPLOYEE) VALUES (38, 7958, '1977-05-04', 5, 35)
INSERT dbo.RECEIPT(ID, TOTAL_PRICE, DATE, ID_CLIENT, ID_EMPLOYEE) VALUES (39, 4655, '1997-04-06', 31, 40)
INSERT dbo.RECEIPT(ID, TOTAL_PRICE, DATE, ID_CLIENT, ID_EMPLOYEE) VALUES (40, 6013, '2008-06-24', 45, 1)
INSERT dbo.RECEIPT(ID, TOTAL_PRICE, DATE, ID_CLIENT, ID_EMPLOYEE) VALUES (41, 89, '1985-12-30', 15, 24)
INSERT dbo.RECEIPT(ID, TOTAL_PRICE, DATE, ID_CLIENT, ID_EMPLOYEE) VALUES (42, 5260, '1976-08-19', 20, 17)
INSERT dbo.RECEIPT(ID, TOTAL_PRICE, DATE, ID_CLIENT, ID_EMPLOYEE) VALUES (43, 5491, '1974-07-15', 49, 36)
INSERT dbo.RECEIPT(ID, TOTAL_PRICE, DATE, ID_CLIENT, ID_EMPLOYEE) VALUES (44, 5097, '1970-03-31', 26, 25)
INSERT dbo.RECEIPT(ID, TOTAL_PRICE, DATE, ID_CLIENT, ID_EMPLOYEE) VALUES (45, 9792, NULL, 50, 11)
INSERT dbo.RECEIPT(ID, TOTAL_PRICE, DATE, ID_CLIENT, ID_EMPLOYEE) VALUES (46, 8774, '1991-06-13', 2, 35)
INSERT dbo.RECEIPT(ID, TOTAL_PRICE, DATE, ID_CLIENT, ID_EMPLOYEE) VALUES (47, 64, '1985-01-13', 34, 44)
INSERT dbo.RECEIPT(ID, TOTAL_PRICE, DATE, ID_CLIENT, ID_EMPLOYEE) VALUES (48, 4412, '2002-07-14', 34, 50)
INSERT dbo.RECEIPT(ID, TOTAL_PRICE, DATE, ID_CLIENT, ID_EMPLOYEE) VALUES (49, 2086, '2012-09-13', 45, 43)
INSERT dbo.RECEIPT(ID, TOTAL_PRICE, DATE, ID_CLIENT, ID_EMPLOYEE) VALUES (50, 5083, '1987-04-09', 42, 36)
GO
SET IDENTITY_INSERT dbo.RECEIPT OFF
GO

--
-- Inserting data into table dbo.RECEIPT_ROWS
--
SET IDENTITY_INSERT dbo.RECEIPT_ROWS ON
GO
INSERT dbo.RECEIPT_ROWS(ID, UNITS, PRICE_UNIT, ID_PRODUCT, ID_RECEIPT) VALUES (1, 79, 379, 44, 18)
INSERT dbo.RECEIPT_ROWS(ID, UNITS, PRICE_UNIT, ID_PRODUCT, ID_RECEIPT) VALUES (2, 48, 48, 29, 32)
INSERT dbo.RECEIPT_ROWS(ID, UNITS, PRICE_UNIT, ID_PRODUCT, ID_RECEIPT) VALUES (3, NULL, 423, 4, 37)
INSERT dbo.RECEIPT_ROWS(ID, UNITS, PRICE_UNIT, ID_PRODUCT, ID_RECEIPT) VALUES (4, NULL, 3, 8, 21)
INSERT dbo.RECEIPT_ROWS(ID, UNITS, PRICE_UNIT, ID_PRODUCT, ID_RECEIPT) VALUES (5, 32, 24, 23, 3)
INSERT dbo.RECEIPT_ROWS(ID, UNITS, PRICE_UNIT, ID_PRODUCT, ID_RECEIPT) VALUES (6, 61, 402, 10, 17)
INSERT dbo.RECEIPT_ROWS(ID, UNITS, PRICE_UNIT, ID_PRODUCT, ID_RECEIPT) VALUES (7, 14, 277, 44, 43)
INSERT dbo.RECEIPT_ROWS(ID, UNITS, PRICE_UNIT, ID_PRODUCT, ID_RECEIPT) VALUES (8, 65, 44, 6, 7)
INSERT dbo.RECEIPT_ROWS(ID, UNITS, PRICE_UNIT, ID_PRODUCT, ID_RECEIPT) VALUES (9, 2, 277, 42, 11)
INSERT dbo.RECEIPT_ROWS(ID, UNITS, PRICE_UNIT, ID_PRODUCT, ID_RECEIPT) VALUES (10, 15, 392, 16, 12)
INSERT dbo.RECEIPT_ROWS(ID, UNITS, PRICE_UNIT, ID_PRODUCT, ID_RECEIPT) VALUES (11, 21, 184, 27, 21)
INSERT dbo.RECEIPT_ROWS(ID, UNITS, PRICE_UNIT, ID_PRODUCT, ID_RECEIPT) VALUES (12, NULL, 367, 6, 18)
INSERT dbo.RECEIPT_ROWS(ID, UNITS, PRICE_UNIT, ID_PRODUCT, ID_RECEIPT) VALUES (13, 78, 69, 38, 45)
INSERT dbo.RECEIPT_ROWS(ID, UNITS, PRICE_UNIT, ID_PRODUCT, ID_RECEIPT) VALUES (14, 23, 305, 29, 9)
INSERT dbo.RECEIPT_ROWS(ID, UNITS, PRICE_UNIT, ID_PRODUCT, ID_RECEIPT) VALUES (15, 23, 231, 5, 39)
INSERT dbo.RECEIPT_ROWS(ID, UNITS, PRICE_UNIT, ID_PRODUCT, ID_RECEIPT) VALUES (16, 97, 492, 43, 50)
INSERT dbo.RECEIPT_ROWS(ID, UNITS, PRICE_UNIT, ID_PRODUCT, ID_RECEIPT) VALUES (17, 8, 71, 40, 42)
INSERT dbo.RECEIPT_ROWS(ID, UNITS, PRICE_UNIT, ID_PRODUCT, ID_RECEIPT) VALUES (18, 86, 165, 4, 22)
INSERT dbo.RECEIPT_ROWS(ID, UNITS, PRICE_UNIT, ID_PRODUCT, ID_RECEIPT) VALUES (19, 97, 484, 42, 41)
INSERT dbo.RECEIPT_ROWS(ID, UNITS, PRICE_UNIT, ID_PRODUCT, ID_RECEIPT) VALUES (20, 96, 4, 43, 27)
INSERT dbo.RECEIPT_ROWS(ID, UNITS, PRICE_UNIT, ID_PRODUCT, ID_RECEIPT) VALUES (21, 82, 152, 5, 17)
INSERT dbo.RECEIPT_ROWS(ID, UNITS, PRICE_UNIT, ID_PRODUCT, ID_RECEIPT) VALUES (22, 4, 206, 14, 14)
INSERT dbo.RECEIPT_ROWS(ID, UNITS, PRICE_UNIT, ID_PRODUCT, ID_RECEIPT) VALUES (23, 34, 8, 1, 16)
INSERT dbo.RECEIPT_ROWS(ID, UNITS, PRICE_UNIT, ID_PRODUCT, ID_RECEIPT) VALUES (24, 2, 460, 1, 14)
INSERT dbo.RECEIPT_ROWS(ID, UNITS, PRICE_UNIT, ID_PRODUCT, ID_RECEIPT) VALUES (25, 8, 306, 37, 24)
INSERT dbo.RECEIPT_ROWS(ID, UNITS, PRICE_UNIT, ID_PRODUCT, ID_RECEIPT) VALUES (26, 23, 473, 33, 24)
INSERT dbo.RECEIPT_ROWS(ID, UNITS, PRICE_UNIT, ID_PRODUCT, ID_RECEIPT) VALUES (27, NULL, 24, 46, 11)
INSERT dbo.RECEIPT_ROWS(ID, UNITS, PRICE_UNIT, ID_PRODUCT, ID_RECEIPT) VALUES (28, 75, 38, 19, 46)
INSERT dbo.RECEIPT_ROWS(ID, UNITS, PRICE_UNIT, ID_PRODUCT, ID_RECEIPT) VALUES (29, 96, 136, 4, 1)
INSERT dbo.RECEIPT_ROWS(ID, UNITS, PRICE_UNIT, ID_PRODUCT, ID_RECEIPT) VALUES (30, 21, 188, 23, 31)
INSERT dbo.RECEIPT_ROWS(ID, UNITS, PRICE_UNIT, ID_PRODUCT, ID_RECEIPT) VALUES (31, 13, 200, 37, 33)
INSERT dbo.RECEIPT_ROWS(ID, UNITS, PRICE_UNIT, ID_PRODUCT, ID_RECEIPT) VALUES (32, 35, 18, 12, 12)
INSERT dbo.RECEIPT_ROWS(ID, UNITS, PRICE_UNIT, ID_PRODUCT, ID_RECEIPT) VALUES (33, NULL, 95, 50, 9)
INSERT dbo.RECEIPT_ROWS(ID, UNITS, PRICE_UNIT, ID_PRODUCT, ID_RECEIPT) VALUES (34, 86, 144, 19, 20)
INSERT dbo.RECEIPT_ROWS(ID, UNITS, PRICE_UNIT, ID_PRODUCT, ID_RECEIPT) VALUES (35, 16, 414, 36, 30)
INSERT dbo.RECEIPT_ROWS(ID, UNITS, PRICE_UNIT, ID_PRODUCT, ID_RECEIPT) VALUES (36, 61, 66, 35, 8)
INSERT dbo.RECEIPT_ROWS(ID, UNITS, PRICE_UNIT, ID_PRODUCT, ID_RECEIPT) VALUES (37, 95, 391, 35, 16)
INSERT dbo.RECEIPT_ROWS(ID, UNITS, PRICE_UNIT, ID_PRODUCT, ID_RECEIPT) VALUES (38, 87, 18, 6, 24)
INSERT dbo.RECEIPT_ROWS(ID, UNITS, PRICE_UNIT, ID_PRODUCT, ID_RECEIPT) VALUES (39, 76, 73, 1, 7)
INSERT dbo.RECEIPT_ROWS(ID, UNITS, PRICE_UNIT, ID_PRODUCT, ID_RECEIPT) VALUES (40, 66, 210, 16, 26)
INSERT dbo.RECEIPT_ROWS(ID, UNITS, PRICE_UNIT, ID_PRODUCT, ID_RECEIPT) VALUES (41, 71, 422, 31, 18)
INSERT dbo.RECEIPT_ROWS(ID, UNITS, PRICE_UNIT, ID_PRODUCT, ID_RECEIPT) VALUES (42, 18, 43, 2, 38)
INSERT dbo.RECEIPT_ROWS(ID, UNITS, PRICE_UNIT, ID_PRODUCT, ID_RECEIPT) VALUES (43, 36, 156, 4, 33)
INSERT dbo.RECEIPT_ROWS(ID, UNITS, PRICE_UNIT, ID_PRODUCT, ID_RECEIPT) VALUES (44, 39, 240, 10, 24)
INSERT dbo.RECEIPT_ROWS(ID, UNITS, PRICE_UNIT, ID_PRODUCT, ID_RECEIPT) VALUES (45, 31, 339, 43, 36)
INSERT dbo.RECEIPT_ROWS(ID, UNITS, PRICE_UNIT, ID_PRODUCT, ID_RECEIPT) VALUES (46, 75, 6, 5, 19)
INSERT dbo.RECEIPT_ROWS(ID, UNITS, PRICE_UNIT, ID_PRODUCT, ID_RECEIPT) VALUES (47, 95, 61, 47, 41)
INSERT dbo.RECEIPT_ROWS(ID, UNITS, PRICE_UNIT, ID_PRODUCT, ID_RECEIPT) VALUES (48, 78, 206, 49, 20)
INSERT dbo.RECEIPT_ROWS(ID, UNITS, PRICE_UNIT, ID_PRODUCT, ID_RECEIPT) VALUES (49, 95, 191, 37, 18)
INSERT dbo.RECEIPT_ROWS(ID, UNITS, PRICE_UNIT, ID_PRODUCT, ID_RECEIPT) VALUES (50, 6, 193, 35, 23)
GO
SET IDENTITY_INSERT dbo.RECEIPT_ROWS OFF
GO

--
-- Inserting data into table dbo.SHOP_OFFER
--
INSERT dbo.SHOP_OFFER(ID_SHOP, ID_OFFER) VALUES (47, 47)
INSERT dbo.SHOP_OFFER(ID_SHOP, ID_OFFER) VALUES (9, 9)
INSERT dbo.SHOP_OFFER(ID_SHOP, ID_OFFER) VALUES (18, 18)
INSERT dbo.SHOP_OFFER(ID_SHOP, ID_OFFER) VALUES (4, 4)
INSERT dbo.SHOP_OFFER(ID_SHOP, ID_OFFER) VALUES (28, 28)
INSERT dbo.SHOP_OFFER(ID_SHOP, ID_OFFER) VALUES (50, 50)
INSERT dbo.SHOP_OFFER(ID_SHOP, ID_OFFER) VALUES (45, 45)
INSERT dbo.SHOP_OFFER(ID_SHOP, ID_OFFER) VALUES (48, 48)
INSERT dbo.SHOP_OFFER(ID_SHOP, ID_OFFER) VALUES (46, 46)
INSERT dbo.SHOP_OFFER(ID_SHOP, ID_OFFER) VALUES (23, 23)
INSERT dbo.SHOP_OFFER(ID_SHOP, ID_OFFER) VALUES (13, 13)
INSERT dbo.SHOP_OFFER(ID_SHOP, ID_OFFER) VALUES (19, 19)
INSERT dbo.SHOP_OFFER(ID_SHOP, ID_OFFER) VALUES (42, 42)
INSERT dbo.SHOP_OFFER(ID_SHOP, ID_OFFER) VALUES (14, 14)
INSERT dbo.SHOP_OFFER(ID_SHOP, ID_OFFER) VALUES (20, 20)
INSERT dbo.SHOP_OFFER(ID_SHOP, ID_OFFER) VALUES (49, 49)
INSERT dbo.SHOP_OFFER(ID_SHOP, ID_OFFER) VALUES (15, 15)
INSERT dbo.SHOP_OFFER(ID_SHOP, ID_OFFER) VALUES (37, 37)
INSERT dbo.SHOP_OFFER(ID_SHOP, ID_OFFER) VALUES (43, 43)
INSERT dbo.SHOP_OFFER(ID_SHOP, ID_OFFER) VALUES (21, 21)
INSERT dbo.SHOP_OFFER(ID_SHOP, ID_OFFER) VALUES (29, 29)
INSERT dbo.SHOP_OFFER(ID_SHOP, ID_OFFER) VALUES (38, 38)
INSERT dbo.SHOP_OFFER(ID_SHOP, ID_OFFER) VALUES (10, 10)
INSERT dbo.SHOP_OFFER(ID_SHOP, ID_OFFER) VALUES (16, 16)
INSERT dbo.SHOP_OFFER(ID_SHOP, ID_OFFER) VALUES (5, 5)
INSERT dbo.SHOP_OFFER(ID_SHOP, ID_OFFER) VALUES (11, 11)
INSERT dbo.SHOP_OFFER(ID_SHOP, ID_OFFER) VALUES (24, 24)
INSERT dbo.SHOP_OFFER(ID_SHOP, ID_OFFER) VALUES (30, 30)
INSERT dbo.SHOP_OFFER(ID_SHOP, ID_OFFER) VALUES (25, 25)
INSERT dbo.SHOP_OFFER(ID_SHOP, ID_OFFER) VALUES (22, 22)
INSERT dbo.SHOP_OFFER(ID_SHOP, ID_OFFER) VALUES (44, 44)
INSERT dbo.SHOP_OFFER(ID_SHOP, ID_OFFER) VALUES (6, 6)
INSERT dbo.SHOP_OFFER(ID_SHOP, ID_OFFER) VALUES (31, 31)
INSERT dbo.SHOP_OFFER(ID_SHOP, ID_OFFER) VALUES (39, 39)
INSERT dbo.SHOP_OFFER(ID_SHOP, ID_OFFER) VALUES (26, 26)
INSERT dbo.SHOP_OFFER(ID_SHOP, ID_OFFER) VALUES (32, 32)
INSERT dbo.SHOP_OFFER(ID_SHOP, ID_OFFER) VALUES (17, 17)
INSERT dbo.SHOP_OFFER(ID_SHOP, ID_OFFER) VALUES (12, 12)
INSERT dbo.SHOP_OFFER(ID_SHOP, ID_OFFER) VALUES (1, 1)
INSERT dbo.SHOP_OFFER(ID_SHOP, ID_OFFER) VALUES (34, 34)
INSERT dbo.SHOP_OFFER(ID_SHOP, ID_OFFER) VALUES (40, 40)
INSERT dbo.SHOP_OFFER(ID_SHOP, ID_OFFER) VALUES (27, 27)
INSERT dbo.SHOP_OFFER(ID_SHOP, ID_OFFER) VALUES (33, 33)
INSERT dbo.SHOP_OFFER(ID_SHOP, ID_OFFER) VALUES (7, 7)
INSERT dbo.SHOP_OFFER(ID_SHOP, ID_OFFER) VALUES (35, 35)
INSERT dbo.SHOP_OFFER(ID_SHOP, ID_OFFER) VALUES (41, 41)
INSERT dbo.SHOP_OFFER(ID_SHOP, ID_OFFER) VALUES (36, 36)
INSERT dbo.SHOP_OFFER(ID_SHOP, ID_OFFER) VALUES (2, 2)
INSERT dbo.SHOP_OFFER(ID_SHOP, ID_OFFER) VALUES (8, 8)
INSERT dbo.SHOP_OFFER(ID_SHOP, ID_OFFER) VALUES (3, 3)
GO

--
-- Set NOEXEC to off
--

SET NOEXEC OFF
GO